researcher_id,researcher_name,paper_count,paper_ids,categories,research_text
Bing Liu,Bing Liu,1,http://arxiv.org/abs/2012.12104v1,cs.AI;cs.CV,"a deep reinforcement learning approach for ramp metering based on traffic video data. ramp metering that uses traffic signals to regulate vehicle flows from the on-ramps has been widely implemented to improve vehicle mobility of the freeway. previous studies generally update signal timings in real-time based on predefined traffic measures collected by point detectors, such as traffic volumes and occupancies. comparing with point detectors, traffic cameras-which have been increasingly deployed on road networks-could cover larger areas and provide more detailed traffic information. in this work, we propose a deep reinforcement learning (drl) method to explore the potential of traffic video data in improving the efficiency of ramp metering. the proposed method uses traffic video frames as inputs and learns the optimal control strategies directly from the high-dimensional visual inputs. a real-world case study demonstrates that, in comparison with a state-of-the-practice method, the proposed drl method results in 1) lower travel times in the mainline, 2) shorter vehicle queues at the on-ramp, and 3) higher traffic flows downstream of the merging area. the results suggest that the proposed method is able to extract useful information from the video data for better ramp metering controls."
Yu Tang,Yu Tang,1,http://arxiv.org/abs/2012.12104v1,cs.AI;cs.CV,"a deep reinforcement learning approach for ramp metering based on traffic video data. ramp metering that uses traffic signals to regulate vehicle flows from the on-ramps has been widely implemented to improve vehicle mobility of the freeway. previous studies generally update signal timings in real-time based on predefined traffic measures collected by point detectors, such as traffic volumes and occupancies. comparing with point detectors, traffic cameras-which have been increasingly deployed on road networks-could cover larger areas and provide more detailed traffic information. in this work, we propose a deep reinforcement learning (drl) method to explore the potential of traffic video data in improving the efficiency of ramp metering. the proposed method uses traffic video frames as inputs and learns the optimal control strategies directly from the high-dimensional visual inputs. a real-world case study demonstrates that, in comparison with a state-of-the-practice method, the proposed drl method results in 1) lower travel times in the mainline, 2) shorter vehicle queues at the on-ramp, and 3) higher traffic flows downstream of the merging area. the results suggest that the proposed method is able to extract useful information from the video data for better ramp metering controls."
Yuxiong Ji,Yuxiong Ji,1,http://arxiv.org/abs/2012.12104v1,cs.AI;cs.CV,"a deep reinforcement learning approach for ramp metering based on traffic video data. ramp metering that uses traffic signals to regulate vehicle flows from the on-ramps has been widely implemented to improve vehicle mobility of the freeway. previous studies generally update signal timings in real-time based on predefined traffic measures collected by point detectors, such as traffic volumes and occupancies. comparing with point detectors, traffic cameras-which have been increasingly deployed on road networks-could cover larger areas and provide more detailed traffic information. in this work, we propose a deep reinforcement learning (drl) method to explore the potential of traffic video data in improving the efficiency of ramp metering. the proposed method uses traffic video frames as inputs and learns the optimal control strategies directly from the high-dimensional visual inputs. a real-world case study demonstrates that, in comparison with a state-of-the-practice method, the proposed drl method results in 1) lower travel times in the mainline, 2) shorter vehicle queues at the on-ramp, and 3) higher traffic flows downstream of the merging area. the results suggest that the proposed method is able to extract useful information from the video data for better ramp metering controls."
Yu Shen,Yu Shen,1,http://arxiv.org/abs/2012.12104v1,cs.AI;cs.CV,"a deep reinforcement learning approach for ramp metering based on traffic video data. ramp metering that uses traffic signals to regulate vehicle flows from the on-ramps has been widely implemented to improve vehicle mobility of the freeway. previous studies generally update signal timings in real-time based on predefined traffic measures collected by point detectors, such as traffic volumes and occupancies. comparing with point detectors, traffic cameras-which have been increasingly deployed on road networks-could cover larger areas and provide more detailed traffic information. in this work, we propose a deep reinforcement learning (drl) method to explore the potential of traffic video data in improving the efficiency of ramp metering. the proposed method uses traffic video frames as inputs and learns the optimal control strategies directly from the high-dimensional visual inputs. a real-world case study demonstrates that, in comparison with a state-of-the-practice method, the proposed drl method results in 1) lower travel times in the mainline, 2) shorter vehicle queues at the on-ramp, and 3) higher traffic flows downstream of the merging area. the results suggest that the proposed method is able to extract useful information from the video data for better ramp metering controls."
Yuchuan Du,Yuchuan Du,1,http://arxiv.org/abs/2012.12104v1,cs.AI;cs.CV,"a deep reinforcement learning approach for ramp metering based on traffic video data. ramp metering that uses traffic signals to regulate vehicle flows from the on-ramps has been widely implemented to improve vehicle mobility of the freeway. previous studies generally update signal timings in real-time based on predefined traffic measures collected by point detectors, such as traffic volumes and occupancies. comparing with point detectors, traffic cameras-which have been increasingly deployed on road networks-could cover larger areas and provide more detailed traffic information. in this work, we propose a deep reinforcement learning (drl) method to explore the potential of traffic video data in improving the efficiency of ramp metering. the proposed method uses traffic video frames as inputs and learns the optimal control strategies directly from the high-dimensional visual inputs. a real-world case study demonstrates that, in comparison with a state-of-the-practice method, the proposed drl method results in 1) lower travel times in the mainline, 2) shorter vehicle queues at the on-ramp, and 3) higher traffic flows downstream of the merging area. the results suggest that the proposed method is able to extract useful information from the video data for better ramp metering controls."
Xiren Zhou,Xiren Zhou,1,http://arxiv.org/abs/2012.13026v1,cs.AI,"rethink ai-based power grid control: diving into algorithm design. recently, deep reinforcement learning (drl)-based approach has shown promisein solving complex decision and control problems in power engineering domain.in this paper, we present an in-depth analysis of drl-based voltage control fromaspects of algorithm selection, state space representation, and reward engineering.to resolve observed issues, we propose a novel imitation learning-based approachto directly map power grid operating points to effective actions without any interimreinforcement learning process. the performance results demonstrate that theproposed approach has strong generalization ability with much less training time.the agent trained by imitation learning is effective and robust to solve voltagecontrol problem and outperforms the former rl agents."
Siqi Wang,Siqi Wang,1,http://arxiv.org/abs/2012.13026v1,cs.AI,"rethink ai-based power grid control: diving into algorithm design. recently, deep reinforcement learning (drl)-based approach has shown promisein solving complex decision and control problems in power engineering domain.in this paper, we present an in-depth analysis of drl-based voltage control fromaspects of algorithm selection, state space representation, and reward engineering.to resolve observed issues, we propose a novel imitation learning-based approachto directly map power grid operating points to effective actions without any interimreinforcement learning process. the performance results demonstrate that theproposed approach has strong generalization ability with much less training time.the agent trained by imitation learning is effective and robust to solve voltagecontrol problem and outperforms the former rl agents."
Ruisheng Diao,Ruisheng Diao,1,http://arxiv.org/abs/2012.13026v1,cs.AI,"rethink ai-based power grid control: diving into algorithm design. recently, deep reinforcement learning (drl)-based approach has shown promisein solving complex decision and control problems in power engineering domain.in this paper, we present an in-depth analysis of drl-based voltage control fromaspects of algorithm selection, state space representation, and reward engineering.to resolve observed issues, we propose a novel imitation learning-based approachto directly map power grid operating points to effective actions without any interimreinforcement learning process. the performance results demonstrate that theproposed approach has strong generalization ability with much less training time.the agent trained by imitation learning is effective and robust to solve voltagecontrol problem and outperforms the former rl agents."
Desong Bian,Desong Bian,1,http://arxiv.org/abs/2012.13026v1,cs.AI,"rethink ai-based power grid control: diving into algorithm design. recently, deep reinforcement learning (drl)-based approach has shown promisein solving complex decision and control problems in power engineering domain.in this paper, we present an in-depth analysis of drl-based voltage control fromaspects of algorithm selection, state space representation, and reward engineering.to resolve observed issues, we propose a novel imitation learning-based approachto directly map power grid operating points to effective actions without any interimreinforcement learning process. the performance results demonstrate that theproposed approach has strong generalization ability with much less training time.the agent trained by imitation learning is effective and robust to solve voltagecontrol problem and outperforms the former rl agents."
Jiahui Duan,Jiahui Duan,1,http://arxiv.org/abs/2012.13026v1,cs.AI,"rethink ai-based power grid control: diving into algorithm design. recently, deep reinforcement learning (drl)-based approach has shown promisein solving complex decision and control problems in power engineering domain.in this paper, we present an in-depth analysis of drl-based voltage control fromaspects of algorithm selection, state space representation, and reward engineering.to resolve observed issues, we propose a novel imitation learning-based approachto directly map power grid operating points to effective actions without any interimreinforcement learning process. the performance results demonstrate that theproposed approach has strong generalization ability with much less training time.the agent trained by imitation learning is effective and robust to solve voltagecontrol problem and outperforms the former rl agents."
Di Shi,Di Shi,1,http://arxiv.org/abs/2012.13026v1,cs.AI,"rethink ai-based power grid control: diving into algorithm design. recently, deep reinforcement learning (drl)-based approach has shown promisein solving complex decision and control problems in power engineering domain.in this paper, we present an in-depth analysis of drl-based voltage control fromaspects of algorithm selection, state space representation, and reward engineering.to resolve observed issues, we propose a novel imitation learning-based approachto directly map power grid operating points to effective actions without any interimreinforcement learning process. the performance results demonstrate that theproposed approach has strong generalization ability with much less training time.the agent trained by imitation learning is effective and robust to solve voltagecontrol problem and outperforms the former rl agents."
Danny Keller,Danny Keller,1,http://arxiv.org/abs/2012.13293v1,cs.AI;cs.CR,"fuzzy commitments offer insufficient protection to biometric templates produced by deep learning. in this work, we study the protection that fuzzy commitments offer when they are applied to facial images, processed by the state of the art deep learning facial recognition systems. we show that while these systems are capable of producing great accuracy, they produce templates of too little entropy. as a result, we present a reconstruction attack that takes a protected template, and reconstructs a facial image. the reconstructed facial images greatly resemble the original ones. in the simplest attack scenario, more than 78% of these reconstructed templates succeed in unlocking an account (when the system is configured to 0.1% far). even in the ""hardest"" settings (in which we take a reconstructed image from one system and use it in a different system, with different feature extraction process) the reconstructed image offers 50 to 120 times higher success rates than the system's far."
Margarita Osadchy,Margarita Osadchy,1,http://arxiv.org/abs/2012.13293v1,cs.AI;cs.CR,"fuzzy commitments offer insufficient protection to biometric templates produced by deep learning. in this work, we study the protection that fuzzy commitments offer when they are applied to facial images, processed by the state of the art deep learning facial recognition systems. we show that while these systems are capable of producing great accuracy, they produce templates of too little entropy. as a result, we present a reconstruction attack that takes a protected template, and reconstructs a facial image. the reconstructed facial images greatly resemble the original ones. in the simplest attack scenario, more than 78% of these reconstructed templates succeed in unlocking an account (when the system is configured to 0.1% far). even in the ""hardest"" settings (in which we take a reconstructed image from one system and use it in a different system, with different feature extraction process) the reconstructed image offers 50 to 120 times higher success rates than the system's far."
Orr Dunkelman,Orr Dunkelman,1,http://arxiv.org/abs/2012.13293v1,cs.AI;cs.CR,"fuzzy commitments offer insufficient protection to biometric templates produced by deep learning. in this work, we study the protection that fuzzy commitments offer when they are applied to facial images, processed by the state of the art deep learning facial recognition systems. we show that while these systems are capable of producing great accuracy, they produce templates of too little entropy. as a result, we present a reconstruction attack that takes a protected template, and reconstructs a facial image. the reconstructed facial images greatly resemble the original ones. in the simplest attack scenario, more than 78% of these reconstructed templates succeed in unlocking an account (when the system is configured to 0.1% far). even in the ""hardest"" settings (in which we take a reconstructed image from one system and use it in a different system, with different feature extraction process) the reconstructed image offers 50 to 120 times higher success rates than the system's far."
Maria-Florina Balcan,Maria-Florina Balcan,1,http://arxiv.org/abs/2012.13315v1,cs.AI,"generalization in portfolio-based algorithm selection. portfolio-based algorithm selection has seen tremendous practical success over the past two decades. this algorithm configuration procedure works by first selecting a portfolio of diverse algorithm parameter settings, and then, on a given problem instance, using an algorithm selector to choose a parameter setting from the portfolio with strong predicted performance. oftentimes, both the portfolio and the algorithm selector are chosen using a training set of typical problem instances from the application domain at hand. in this paper, we provide the first provable guarantees for portfolio-based algorithm selection. we analyze how large the training set should be to ensure that the resulting algorithm selector's average performance over the training set is close to its future (expected) performance. this involves analyzing three key reasons why these two quantities may diverge: 1) the learning-theoretic complexity of the algorithm selector, 2) the size of the portfolio, and 3) the learning-theoretic complexity of the algorithm's performance as a function of its parameters. we introduce an end-to-end learning-theoretic analysis of the portfolio construction and algorithm selection together. we prove that if the portfolio is large, overfitting is inevitable, even with an extremely simple algorithm selector. with experiments, we illustrate a tradeoff exposed by our theoretical analysis: as we increase the portfolio size, we can hope to include a well-suited parameter setting for every possible problem instance, but it becomes impossible to avoid overfitting."
Tuomas Sandholm,Tuomas Sandholm,1,http://arxiv.org/abs/2012.13315v1,cs.AI,"generalization in portfolio-based algorithm selection. portfolio-based algorithm selection has seen tremendous practical success over the past two decades. this algorithm configuration procedure works by first selecting a portfolio of diverse algorithm parameter settings, and then, on a given problem instance, using an algorithm selector to choose a parameter setting from the portfolio with strong predicted performance. oftentimes, both the portfolio and the algorithm selector are chosen using a training set of typical problem instances from the application domain at hand. in this paper, we provide the first provable guarantees for portfolio-based algorithm selection. we analyze how large the training set should be to ensure that the resulting algorithm selector's average performance over the training set is close to its future (expected) performance. this involves analyzing three key reasons why these two quantities may diverge: 1) the learning-theoretic complexity of the algorithm selector, 2) the size of the portfolio, and 3) the learning-theoretic complexity of the algorithm's performance as a function of its parameters. we introduce an end-to-end learning-theoretic analysis of the portfolio construction and algorithm selection together. we prove that if the portfolio is large, overfitting is inevitable, even with an extremely simple algorithm selector. with experiments, we illustrate a tradeoff exposed by our theoretical analysis: as we increase the portfolio size, we can hope to include a well-suited parameter setting for every possible problem instance, but it becomes impossible to avoid overfitting."
Ellen Vitercik,Ellen Vitercik,1,http://arxiv.org/abs/2012.13315v1,cs.AI,"generalization in portfolio-based algorithm selection. portfolio-based algorithm selection has seen tremendous practical success over the past two decades. this algorithm configuration procedure works by first selecting a portfolio of diverse algorithm parameter settings, and then, on a given problem instance, using an algorithm selector to choose a parameter setting from the portfolio with strong predicted performance. oftentimes, both the portfolio and the algorithm selector are chosen using a training set of typical problem instances from the application domain at hand. in this paper, we provide the first provable guarantees for portfolio-based algorithm selection. we analyze how large the training set should be to ensure that the resulting algorithm selector's average performance over the training set is close to its future (expected) performance. this involves analyzing three key reasons why these two quantities may diverge: 1) the learning-theoretic complexity of the algorithm selector, 2) the size of the portfolio, and 3) the learning-theoretic complexity of the algorithm's performance as a function of its parameters. we introduce an end-to-end learning-theoretic analysis of the portfolio construction and algorithm selection together. we prove that if the portfolio is large, overfitting is inevitable, even with an extremely simple algorithm selector. with experiments, we illustrate a tradeoff exposed by our theoretical analysis: as we increase the portfolio size, we can hope to include a well-suited parameter setting for every possible problem instance, but it becomes impossible to avoid overfitting."
Yixin Nie,Yixin Nie,1,http://arxiv.org/abs/2012.13391v2,cs.AI;cs.CL;cs.LG,"i like fish, especially dolphins: addressing contradictions in dialogue modeling. to quantify how well natural language understanding models can capture consistency in a general conversation, we introduce the dialogue contradiction detection task (decode) and a new conversational dataset containing both human-human and human-bot contradictory dialogues. we then compare a structured utterance-based approach of using pre-trained transformer models for contradiction detection with the typical unstructured approach. results reveal that: (i) our newly collected dataset is notably more effective at providing supervision for the dialogue contradiction detection task than existing nli data including those aimed to cover the dialogue domain; (ii) the structured utterance-based approach is more robust and transferable on both analysis and out-of-distribution dialogues than its unstructured counterpart. we also show that our best contradiction detection model correlates well with human judgments and further provide evidence for its usage in both automatically evaluating and improving the consistency of state-of-the-art generative chatbots."
Mary Williamson,Mary Williamson,1,http://arxiv.org/abs/2012.13391v2,cs.AI;cs.CL;cs.LG,"i like fish, especially dolphins: addressing contradictions in dialogue modeling. to quantify how well natural language understanding models can capture consistency in a general conversation, we introduce the dialogue contradiction detection task (decode) and a new conversational dataset containing both human-human and human-bot contradictory dialogues. we then compare a structured utterance-based approach of using pre-trained transformer models for contradiction detection with the typical unstructured approach. results reveal that: (i) our newly collected dataset is notably more effective at providing supervision for the dialogue contradiction detection task than existing nli data including those aimed to cover the dialogue domain; (ii) the structured utterance-based approach is more robust and transferable on both analysis and out-of-distribution dialogues than its unstructured counterpart. we also show that our best contradiction detection model correlates well with human judgments and further provide evidence for its usage in both automatically evaluating and improving the consistency of state-of-the-art generative chatbots."
Mohit Bansal,Mohit Bansal,1,http://arxiv.org/abs/2012.13391v2,cs.AI;cs.CL;cs.LG,"i like fish, especially dolphins: addressing contradictions in dialogue modeling. to quantify how well natural language understanding models can capture consistency in a general conversation, we introduce the dialogue contradiction detection task (decode) and a new conversational dataset containing both human-human and human-bot contradictory dialogues. we then compare a structured utterance-based approach of using pre-trained transformer models for contradiction detection with the typical unstructured approach. results reveal that: (i) our newly collected dataset is notably more effective at providing supervision for the dialogue contradiction detection task than existing nli data including those aimed to cover the dialogue domain; (ii) the structured utterance-based approach is more robust and transferable on both analysis and out-of-distribution dialogues than its unstructured counterpart. we also show that our best contradiction detection model correlates well with human judgments and further provide evidence for its usage in both automatically evaluating and improving the consistency of state-of-the-art generative chatbots."
Douwe Kiela,Douwe Kiela,1,http://arxiv.org/abs/2012.13391v2,cs.AI;cs.CL;cs.LG,"i like fish, especially dolphins: addressing contradictions in dialogue modeling. to quantify how well natural language understanding models can capture consistency in a general conversation, we introduce the dialogue contradiction detection task (decode) and a new conversational dataset containing both human-human and human-bot contradictory dialogues. we then compare a structured utterance-based approach of using pre-trained transformer models for contradiction detection with the typical unstructured approach. results reveal that: (i) our newly collected dataset is notably more effective at providing supervision for the dialogue contradiction detection task than existing nli data including those aimed to cover the dialogue domain; (ii) the structured utterance-based approach is more robust and transferable on both analysis and out-of-distribution dialogues than its unstructured counterpart. we also show that our best contradiction detection model correlates well with human judgments and further provide evidence for its usage in both automatically evaluating and improving the consistency of state-of-the-art generative chatbots."
Jason Weston,Jason Weston,1,http://arxiv.org/abs/2012.13391v2,cs.AI;cs.CL;cs.LG,"i like fish, especially dolphins: addressing contradictions in dialogue modeling. to quantify how well natural language understanding models can capture consistency in a general conversation, we introduce the dialogue contradiction detection task (decode) and a new conversational dataset containing both human-human and human-bot contradictory dialogues. we then compare a structured utterance-based approach of using pre-trained transformer models for contradiction detection with the typical unstructured approach. results reveal that: (i) our newly collected dataset is notably more effective at providing supervision for the dialogue contradiction detection task than existing nli data including those aimed to cover the dialogue domain; (ii) the structured utterance-based approach is more robust and transferable on both analysis and out-of-distribution dialogues than its unstructured counterpart. we also show that our best contradiction detection model correlates well with human judgments and further provide evidence for its usage in both automatically evaluating and improving the consistency of state-of-the-art generative chatbots."
Jie Li,Jie Li,1,http://arxiv.org/abs/2012.12447v1,cs.AI;cs.CV,"skeleton-based approaches based on machine vision: a survey. recently, skeleton-based approaches have achieved rapid progress on the basis of great success in skeleton representation. plenty of researches focus on solving specific problems according to skeleton features. some skeleton-based approaches have been mentioned in several overviews on object detection as a non-essential part. nevertheless, there has not been any thorough analysis of skeleton-based approaches attentively. instead of describing these techniques in terms of theoretical constructs, we devote to summarizing skeleton-based approaches with regard to application fields and given tasks as comprehensively as possible. this paper is conducive to further understanding of skeleton-based application and dealing with particular issues."
Binglin Li,Binglin Li,1,http://arxiv.org/abs/2012.12447v1,cs.AI;cs.CV,"skeleton-based approaches based on machine vision: a survey. recently, skeleton-based approaches have achieved rapid progress on the basis of great success in skeleton representation. plenty of researches focus on solving specific problems according to skeleton features. some skeleton-based approaches have been mentioned in several overviews on object detection as a non-essential part. nevertheless, there has not been any thorough analysis of skeleton-based approaches attentively. instead of describing these techniques in terms of theoretical constructs, we devote to summarizing skeleton-based approaches with regard to application fields and given tasks as comprehensively as possible. this paper is conducive to further understanding of skeleton-based application and dealing with particular issues."
Min Gao,Min Gao,1,http://arxiv.org/abs/2012.12447v1,cs.AI;cs.CV,"skeleton-based approaches based on machine vision: a survey. recently, skeleton-based approaches have achieved rapid progress on the basis of great success in skeleton representation. plenty of researches focus on solving specific problems according to skeleton features. some skeleton-based approaches have been mentioned in several overviews on object detection as a non-essential part. nevertheless, there has not been any thorough analysis of skeleton-based approaches attentively. instead of describing these techniques in terms of theoretical constructs, we devote to summarizing skeleton-based approaches with regard to application fields and given tasks as comprehensively as possible. this paper is conducive to further understanding of skeleton-based application and dealing with particular issues."
Simin Liu,Simin Liu,1,http://arxiv.org/abs/2012.12634v1,cs.AI,"overview of fpga deep learning acceleration based on convolutional neural network. in recent years, deep learning has become more and more mature, and as a commonly used algorithm in deep learning, convolutional neural networks have been widely used in various visual tasks. in the past, research based on deep learning algorithms mainly relied on hardware such as gpus and cpus. however, with the increasing development of fpgas, both field programmable logic gate arrays, it has become the main implementation hardware platform that combines various neural network deep learning algorithms this article is a review article, which mainly introduces the related theories and algorithms of convolution. it summarizes the application scenarios of several existing fpga technologies based on convolutional neural networks, and mainly introduces the application of accelerators. at the same time, it summarizes some accelerators' under-utilization of logic resources or under-utilization of memory bandwidth, so that they can't get the best performance."
Rijk Mercuur,Rijk Mercuur,1,http://arxiv.org/abs/2012.11903v1,cs.AI;cs.MA,"modelling human routines: conceptualising social practice theory for agent-based simulation. our routines play an important role in a wide range of social challenges such as climate change, disease outbreaks and coordinating staff and patients in a hospital. to use agent-based simulations (abs) to understand the role of routines in social challenges we need an agent framework that integrates routines. this paper provides the domain-independent social practice agent (sopra) framework that satisfies requirements from the literature to simulate our routines. by choosing the appropriate concepts from the literature on agent theory, social psychology and social practice theory we ensure sopra correctly depicts current evidence on routines. by creating a consistent, modular and parsimonious framework suitable for multiple domains we enhance the usability of sopra. sopra provides abs researchers with a conceptual, formal and computational framework to simulate routines and gain new insights into social systems."
Virginia Dignum,Virginia Dignum,1,http://arxiv.org/abs/2012.11903v1,cs.AI;cs.MA,"modelling human routines: conceptualising social practice theory for agent-based simulation. our routines play an important role in a wide range of social challenges such as climate change, disease outbreaks and coordinating staff and patients in a hospital. to use agent-based simulations (abs) to understand the role of routines in social challenges we need an agent framework that integrates routines. this paper provides the domain-independent social practice agent (sopra) framework that satisfies requirements from the literature to simulate our routines. by choosing the appropriate concepts from the literature on agent theory, social psychology and social practice theory we ensure sopra correctly depicts current evidence on routines. by creating a consistent, modular and parsimonious framework suitable for multiple domains we enhance the usability of sopra. sopra provides abs researchers with a conceptual, formal and computational framework to simulate routines and gain new insights into social systems."
Catholijn M. Jonker,Catholijn M. Jonker,1,http://arxiv.org/abs/2012.11903v1,cs.AI;cs.MA,"modelling human routines: conceptualising social practice theory for agent-based simulation. our routines play an important role in a wide range of social challenges such as climate change, disease outbreaks and coordinating staff and patients in a hospital. to use agent-based simulations (abs) to understand the role of routines in social challenges we need an agent framework that integrates routines. this paper provides the domain-independent social practice agent (sopra) framework that satisfies requirements from the literature to simulate our routines. by choosing the appropriate concepts from the literature on agent theory, social psychology and social practice theory we ensure sopra correctly depicts current evidence on routines. by creating a consistent, modular and parsimonious framework suitable for multiple domains we enhance the usability of sopra. sopra provides abs researchers with a conceptual, formal and computational framework to simulate routines and gain new insights into social systems."
Yan Gao,Yan Gao,1,http://arxiv.org/abs/2012.13569v1,cs.AI;cs.IR,"dynamic-k recommendation with personalized decision boundary. in this paper, we investigate the recommendation task in the most common scenario with implicit feedback (e.g., clicks, purchases). state-of-the-art methods in this direction usually cast the problem as to learn a personalized ranking on a set of items (e.g., webpages, products). the top-n results are then provided to users as recommendations, where the n is usually a fixed number pre-defined by the system according to some heuristic criteria (e.g., page size, screen size). there is one major assumption underlying this fixed-number recommendation scheme, i.e., there are always sufficient relevant items to users' preferences. unfortunately, this assumption may not always hold in real-world scenarios. in some applications, there might be very limited candidate items to recommend, and some users may have very high relevance requirement in recommendation. in this way, even the top-1 ranked item may not be relevant to a user's preference. therefore, we argue that it is critical to provide a dynamic-k recommendation, where the k should be different with respect to the candidate item set and the target user. we formulate this dynamic-k recommendation task as a joint learning problem with both ranking and classification objectives. the ranking objective is the same as existing methods, i.e., to create a ranking list of items according to users' interests. the classification objective is unique in this work, which aims to learn a personalized decision boundary to differentiate the relevant items from irrelevant items. based on these ideas, we extend two state-of-the-art ranking-based recommendation methods, i.e., bprmf and hrm, to the corresponding dynamic-k versions, namely dk-bprmf and dk-hrm. our experimental results on two datasets show that the dynamic-k models are more effective than the original fixed-n recommendation methods."
Jiafeng Guo,Jiafeng Guo,1,http://arxiv.org/abs/2012.13569v1,cs.AI;cs.IR,"dynamic-k recommendation with personalized decision boundary. in this paper, we investigate the recommendation task in the most common scenario with implicit feedback (e.g., clicks, purchases). state-of-the-art methods in this direction usually cast the problem as to learn a personalized ranking on a set of items (e.g., webpages, products). the top-n results are then provided to users as recommendations, where the n is usually a fixed number pre-defined by the system according to some heuristic criteria (e.g., page size, screen size). there is one major assumption underlying this fixed-number recommendation scheme, i.e., there are always sufficient relevant items to users' preferences. unfortunately, this assumption may not always hold in real-world scenarios. in some applications, there might be very limited candidate items to recommend, and some users may have very high relevance requirement in recommendation. in this way, even the top-1 ranked item may not be relevant to a user's preference. therefore, we argue that it is critical to provide a dynamic-k recommendation, where the k should be different with respect to the candidate item set and the target user. we formulate this dynamic-k recommendation task as a joint learning problem with both ranking and classification objectives. the ranking objective is the same as existing methods, i.e., to create a ranking list of items according to users' interests. the classification objective is unique in this work, which aims to learn a personalized decision boundary to differentiate the relevant items from irrelevant items. based on these ideas, we extend two state-of-the-art ranking-based recommendation methods, i.e., bprmf and hrm, to the corresponding dynamic-k versions, namely dk-bprmf and dk-hrm. our experimental results on two datasets show that the dynamic-k models are more effective than the original fixed-n recommendation methods."
Yanyan Lan,Yanyan Lan,1,http://arxiv.org/abs/2012.13569v1,cs.AI;cs.IR,"dynamic-k recommendation with personalized decision boundary. in this paper, we investigate the recommendation task in the most common scenario with implicit feedback (e.g., clicks, purchases). state-of-the-art methods in this direction usually cast the problem as to learn a personalized ranking on a set of items (e.g., webpages, products). the top-n results are then provided to users as recommendations, where the n is usually a fixed number pre-defined by the system according to some heuristic criteria (e.g., page size, screen size). there is one major assumption underlying this fixed-number recommendation scheme, i.e., there are always sufficient relevant items to users' preferences. unfortunately, this assumption may not always hold in real-world scenarios. in some applications, there might be very limited candidate items to recommend, and some users may have very high relevance requirement in recommendation. in this way, even the top-1 ranked item may not be relevant to a user's preference. therefore, we argue that it is critical to provide a dynamic-k recommendation, where the k should be different with respect to the candidate item set and the target user. we formulate this dynamic-k recommendation task as a joint learning problem with both ranking and classification objectives. the ranking objective is the same as existing methods, i.e., to create a ranking list of items according to users' interests. the classification objective is unique in this work, which aims to learn a personalized decision boundary to differentiate the relevant items from irrelevant items. based on these ideas, we extend two state-of-the-art ranking-based recommendation methods, i.e., bprmf and hrm, to the corresponding dynamic-k versions, namely dk-bprmf and dk-hrm. our experimental results on two datasets show that the dynamic-k models are more effective than the original fixed-n recommendation methods."
Huaming Liao,Huaming Liao,1,http://arxiv.org/abs/2012.13569v1,cs.AI;cs.IR,"dynamic-k recommendation with personalized decision boundary. in this paper, we investigate the recommendation task in the most common scenario with implicit feedback (e.g., clicks, purchases). state-of-the-art methods in this direction usually cast the problem as to learn a personalized ranking on a set of items (e.g., webpages, products). the top-n results are then provided to users as recommendations, where the n is usually a fixed number pre-defined by the system according to some heuristic criteria (e.g., page size, screen size). there is one major assumption underlying this fixed-number recommendation scheme, i.e., there are always sufficient relevant items to users' preferences. unfortunately, this assumption may not always hold in real-world scenarios. in some applications, there might be very limited candidate items to recommend, and some users may have very high relevance requirement in recommendation. in this way, even the top-1 ranked item may not be relevant to a user's preference. therefore, we argue that it is critical to provide a dynamic-k recommendation, where the k should be different with respect to the candidate item set and the target user. we formulate this dynamic-k recommendation task as a joint learning problem with both ranking and classification objectives. the ranking objective is the same as existing methods, i.e., to create a ranking list of items according to users' interests. the classification objective is unique in this work, which aims to learn a personalized decision boundary to differentiate the relevant items from irrelevant items. based on these ideas, we extend two state-of-the-art ranking-based recommendation methods, i.e., bprmf and hrm, to the corresponding dynamic-k versions, namely dk-bprmf and dk-hrm. our experimental results on two datasets show that the dynamic-k models are more effective than the original fixed-n recommendation methods."
David Restrepo Amariles,David Restrepo Amariles,1,http://arxiv.org/abs/2012.12718v1,cs.AI;cs.LG,"compliance generation for privacy documents under gdpr: a roadmap for implementing automation and machine learning. most prominent research today addresses compliance with data protection laws through consumer-centric and public-regulatory approaches. we shift this perspective with the privatech project to focus on corporations and law firms as agents of compliance. to comply with data protection laws, data processors must implement accountability measures to assess and document compliance in relation to both privacy documents and privacy practices. in this paper, we survey, on the one hand, current research on gdpr automation, and on the other hand, the operational challenges corporations face to comply with gdpr, and that may benefit from new forms of automation. we attempt to bridge the gap. we provide a roadmap for compliance assessment and generation by identifying compliance issues, breaking them down into tasks that can be addressed through machine learning and automation, and providing notes about related developments in the privatech project."
Aurore Clément Troussel,Aurore Clément Troussel,1,http://arxiv.org/abs/2012.12718v1,cs.AI;cs.LG,"compliance generation for privacy documents under gdpr: a roadmap for implementing automation and machine learning. most prominent research today addresses compliance with data protection laws through consumer-centric and public-regulatory approaches. we shift this perspective with the privatech project to focus on corporations and law firms as agents of compliance. to comply with data protection laws, data processors must implement accountability measures to assess and document compliance in relation to both privacy documents and privacy practices. in this paper, we survey, on the one hand, current research on gdpr automation, and on the other hand, the operational challenges corporations face to comply with gdpr, and that may benefit from new forms of automation. we attempt to bridge the gap. we provide a roadmap for compliance assessment and generation by identifying compliance issues, breaking them down into tasks that can be addressed through machine learning and automation, and providing notes about related developments in the privatech project."
Rajaa El Hamdani,Rajaa El Hamdani,1,http://arxiv.org/abs/2012.12718v1,cs.AI;cs.LG,"compliance generation for privacy documents under gdpr: a roadmap for implementing automation and machine learning. most prominent research today addresses compliance with data protection laws through consumer-centric and public-regulatory approaches. we shift this perspective with the privatech project to focus on corporations and law firms as agents of compliance. to comply with data protection laws, data processors must implement accountability measures to assess and document compliance in relation to both privacy documents and privacy practices. in this paper, we survey, on the one hand, current research on gdpr automation, and on the other hand, the operational challenges corporations face to comply with gdpr, and that may benefit from new forms of automation. we attempt to bridge the gap. we provide a roadmap for compliance assessment and generation by identifying compliance issues, breaking them down into tasks that can be addressed through machine learning and automation, and providing notes about related developments in the privatech project."
Arman Haghanifar,Arman Haghanifar,1,http://arxiv.org/abs/2012.13666v1,cs.AI;cs.CV,"paxnet: dental caries detection in panoramic x-ray using ensemble transfer learning and capsule classifier. dental caries is one of the most chronic diseases involving the majority of the population during their lifetime. caries lesions are typically diagnosed by radiologists relying only on their visual inspection to detect via dental x-rays. in many cases, dental caries is hard to identify using x-rays and can be misinterpreted as shadows due to different reasons such as low image quality. hence, developing a decision support system for caries detection has been a topic of interest in recent years. here, we propose an automatic diagnosis system to detect dental caries in panoramic images for the first time, to the best of authors' knowledge. the proposed model benefits from various pretrained deep learning models through transfer learning to extract relevant features from x-rays and uses a capsule network to draw prediction results. on a dataset of 470 panoramic images used for features extraction, including 240 labeled images for classification, our model achieved an accuracy score of 86.05\% on the test set. the obtained score demonstrates acceptable detection performance and an increase in caries detection speed, as long as the challenges of using panoramic x-rays of real patients are taken into account. among images with caries lesions in the test set, our model acquired recall scores of 69.44\% and 90.52\% for mild and severe ones, confirming the fact that severe caries spots are more straightforward to detect and efficient mild caries detection needs a more robust and larger dataset. considering the novelty of current research study as using panoramic images, this work is a step towards developing a fully automated efficient decision support system to assist domain experts."
Mahdiyar Molahasani Majdabadi,Mahdiyar Molahasani Majdabadi,1,http://arxiv.org/abs/2012.13666v1,cs.AI;cs.CV,"paxnet: dental caries detection in panoramic x-ray using ensemble transfer learning and capsule classifier. dental caries is one of the most chronic diseases involving the majority of the population during their lifetime. caries lesions are typically diagnosed by radiologists relying only on their visual inspection to detect via dental x-rays. in many cases, dental caries is hard to identify using x-rays and can be misinterpreted as shadows due to different reasons such as low image quality. hence, developing a decision support system for caries detection has been a topic of interest in recent years. here, we propose an automatic diagnosis system to detect dental caries in panoramic images for the first time, to the best of authors' knowledge. the proposed model benefits from various pretrained deep learning models through transfer learning to extract relevant features from x-rays and uses a capsule network to draw prediction results. on a dataset of 470 panoramic images used for features extraction, including 240 labeled images for classification, our model achieved an accuracy score of 86.05\% on the test set. the obtained score demonstrates acceptable detection performance and an increase in caries detection speed, as long as the challenges of using panoramic x-rays of real patients are taken into account. among images with caries lesions in the test set, our model acquired recall scores of 69.44\% and 90.52\% for mild and severe ones, confirming the fact that severe caries spots are more straightforward to detect and efficient mild caries detection needs a more robust and larger dataset. considering the novelty of current research study as using panoramic images, this work is a step towards developing a fully automated efficient decision support system to assist domain experts."
Seok-Bum Ko,Seok-Bum Ko,1,http://arxiv.org/abs/2012.13666v1,cs.AI;cs.CV,"paxnet: dental caries detection in panoramic x-ray using ensemble transfer learning and capsule classifier. dental caries is one of the most chronic diseases involving the majority of the population during their lifetime. caries lesions are typically diagnosed by radiologists relying only on their visual inspection to detect via dental x-rays. in many cases, dental caries is hard to identify using x-rays and can be misinterpreted as shadows due to different reasons such as low image quality. hence, developing a decision support system for caries detection has been a topic of interest in recent years. here, we propose an automatic diagnosis system to detect dental caries in panoramic images for the first time, to the best of authors' knowledge. the proposed model benefits from various pretrained deep learning models through transfer learning to extract relevant features from x-rays and uses a capsule network to draw prediction results. on a dataset of 470 panoramic images used for features extraction, including 240 labeled images for classification, our model achieved an accuracy score of 86.05\% on the test set. the obtained score demonstrates acceptable detection performance and an increase in caries detection speed, as long as the challenges of using panoramic x-rays of real patients are taken into account. among images with caries lesions in the test set, our model acquired recall scores of 69.44\% and 90.52\% for mild and severe ones, confirming the fact that severe caries spots are more straightforward to detect and efficient mild caries detection needs a more robust and larger dataset. considering the novelty of current research study as using panoramic images, this work is a step towards developing a fully automated efficient decision support system to assist domain experts."
 Song-Kyoo, Song-Kyoo,1,http://arxiv.org/abs/2012.13677v1,cs.AI;cs.DB;cs.LG;stat.AP,toward compact data from big data. bigdata is a dataset of which size is beyond the ability of handling a valuable raw material that can be refined and distilled into valuable specific insights. compact data is a method that optimizes the big dataset that gives best assets without handling complex bigdata. the compact dataset contains the maximum knowledge patterns at fine grained level for effective and personalized utilization of bigdata systems without bigdata. the compact data method is a tailor-made design which depends on problem situations. various compact data techniques have been demonstrated into various data-driven research area in the paper.
 Kim, Kim,1,http://arxiv.org/abs/2012.13677v1,cs.AI;cs.DB;cs.LG;stat.AP,toward compact data from big data. bigdata is a dataset of which size is beyond the ability of handling a valuable raw material that can be refined and distilled into valuable specific insights. compact data is a method that optimizes the big dataset that gives best assets without handling complex bigdata. the compact dataset contains the maximum knowledge patterns at fine grained level for effective and personalized utilization of bigdata systems without bigdata. the compact data method is a tailor-made design which depends on problem situations. various compact data techniques have been demonstrated into various data-driven research area in the paper.
Ismael T. Freire,Ismael T. Freire,1,http://arxiv.org/abs/2012.13779v1,cs.AI;q-bio.NC;stat.ML,"towards sample-efficient episodic control with dac-ml. the sample-inefficiency problem in artificial intelligence refers to the inability of current deep reinforcement learning models to optimize action policies within a small number of episodes. recent studies have tried to overcome this limitation by adding memory systems and architectural biases to improve learning speed, such as in episodic reinforcement learning. however, despite achieving incremental improvements, their performance is still not comparable to how humans learn behavioral policies. in this paper, we capitalize on the design principles of the distributed adaptive control (dac) theory of mind and brain to build a novel cognitive architecture (dac-ml) that, by incorporating a hippocampus-inspired sequential memory system, can rapidly converge to effective action policies that maximize reward acquisition in a challenging foraging task."
Adrián F. Amil,Adrián F. Amil,1,http://arxiv.org/abs/2012.13779v1,cs.AI;q-bio.NC;stat.ML,"towards sample-efficient episodic control with dac-ml. the sample-inefficiency problem in artificial intelligence refers to the inability of current deep reinforcement learning models to optimize action policies within a small number of episodes. recent studies have tried to overcome this limitation by adding memory systems and architectural biases to improve learning speed, such as in episodic reinforcement learning. however, despite achieving incremental improvements, their performance is still not comparable to how humans learn behavioral policies. in this paper, we capitalize on the design principles of the distributed adaptive control (dac) theory of mind and brain to build a novel cognitive architecture (dac-ml) that, by incorporating a hippocampus-inspired sequential memory system, can rapidly converge to effective action policies that maximize reward acquisition in a challenging foraging task."
Vasiliki Vouloutsi,Vasiliki Vouloutsi,1,http://arxiv.org/abs/2012.13779v1,cs.AI;q-bio.NC;stat.ML,"towards sample-efficient episodic control with dac-ml. the sample-inefficiency problem in artificial intelligence refers to the inability of current deep reinforcement learning models to optimize action policies within a small number of episodes. recent studies have tried to overcome this limitation by adding memory systems and architectural biases to improve learning speed, such as in episodic reinforcement learning. however, despite achieving incremental improvements, their performance is still not comparable to how humans learn behavioral policies. in this paper, we capitalize on the design principles of the distributed adaptive control (dac) theory of mind and brain to build a novel cognitive architecture (dac-ml) that, by incorporating a hippocampus-inspired sequential memory system, can rapidly converge to effective action policies that maximize reward acquisition in a challenging foraging task."
Paul F. M. J. Verschure,Paul F. M. J. Verschure,1,http://arxiv.org/abs/2012.13779v1,cs.AI;q-bio.NC;stat.ML,"towards sample-efficient episodic control with dac-ml. the sample-inefficiency problem in artificial intelligence refers to the inability of current deep reinforcement learning models to optimize action policies within a small number of episodes. recent studies have tried to overcome this limitation by adding memory systems and architectural biases to improve learning speed, such as in episodic reinforcement learning. however, despite achieving incremental improvements, their performance is still not comparable to how humans learn behavioral policies. in this paper, we capitalize on the design principles of the distributed adaptive control (dac) theory of mind and brain to build a novel cognitive architecture (dac-ml) that, by incorporating a hippocampus-inspired sequential memory system, can rapidly converge to effective action policies that maximize reward acquisition in a challenging foraging task."
Cheng Tang,Cheng Tang,1,http://arxiv.org/abs/2012.14005v1,cs.AI;cs.CL;cs.IR;cs.LG,"neural document expansion for ad-hoc information retrieval. recently, nogueira et al. [2019] proposed a new approach to document expansion based on a neural seq2seq model, showing significant improvement on short text retrieval task. however, this approach needs a large amount of in-domain training data. in this paper, we show that this neural document expansion approach can be effectively adapted to standard ir tasks, where labels are scarce and many long documents are present."
Andrew Arnold,Andrew Arnold,1,http://arxiv.org/abs/2012.14005v1,cs.AI;cs.CL;cs.IR;cs.LG,"neural document expansion for ad-hoc information retrieval. recently, nogueira et al. [2019] proposed a new approach to document expansion based on a neural seq2seq model, showing significant improvement on short text retrieval task. however, this approach needs a large amount of in-domain training data. in this paper, we show that this neural document expansion approach can be effectively adapted to standard ir tasks, where labels are scarce and many long documents are present."
David Acuna,David Acuna,1,http://arxiv.org/abs/1904.07934v2,cs.AI;cs.CV,"devil is in the edges: learning semantic boundaries from noisy annotations. we tackle the problem of semantic boundary prediction, which aims to identify pixels that belong to object(class) boundaries. we notice that relevant datasets consist of a significant level of label noise, reflecting the fact that precise annotations are laborious to get and thus annotators trade-off quality with efficiency. we aim to learn sharp and precise semantic boundaries by explicitly reasoning about annotation noise during training. we propose a simple new layer and loss that can be used with existing learning-based boundary detectors. our layer/loss enforces the detector to predict a maximum response along the normal direction at an edge, while also regularizing its direction. we further reason about true object boundaries during training using a level set formulation, which allows the network to learn from misaligned labels in an end-to-end fashion. experiments show that we improve over the casenet backbone network by more than 4% in terms of mf(ods) and 18.61% in terms of ap, outperforming all current state-of-the-art methods including those that deal with alignment. furthermore, we show that our learned network can be used to significantly improve coarse segmentation labels, lending itself as an efficient way to label new data."
Amlan Kar,Amlan Kar,1,http://arxiv.org/abs/1904.07934v2,cs.AI;cs.CV,"devil is in the edges: learning semantic boundaries from noisy annotations. we tackle the problem of semantic boundary prediction, which aims to identify pixels that belong to object(class) boundaries. we notice that relevant datasets consist of a significant level of label noise, reflecting the fact that precise annotations are laborious to get and thus annotators trade-off quality with efficiency. we aim to learn sharp and precise semantic boundaries by explicitly reasoning about annotation noise during training. we propose a simple new layer and loss that can be used with existing learning-based boundary detectors. our layer/loss enforces the detector to predict a maximum response along the normal direction at an edge, while also regularizing its direction. we further reason about true object boundaries during training using a level set formulation, which allows the network to learn from misaligned labels in an end-to-end fashion. experiments show that we improve over the casenet backbone network by more than 4% in terms of mf(ods) and 18.61% in terms of ap, outperforming all current state-of-the-art methods including those that deal with alignment. furthermore, we show that our learned network can be used to significantly improve coarse segmentation labels, lending itself as an efficient way to label new data."
Sanja Fidler,Sanja Fidler,1,http://arxiv.org/abs/1904.07934v2,cs.AI;cs.CV,"devil is in the edges: learning semantic boundaries from noisy annotations. we tackle the problem of semantic boundary prediction, which aims to identify pixels that belong to object(class) boundaries. we notice that relevant datasets consist of a significant level of label noise, reflecting the fact that precise annotations are laborious to get and thus annotators trade-off quality with efficiency. we aim to learn sharp and precise semantic boundaries by explicitly reasoning about annotation noise during training. we propose a simple new layer and loss that can be used with existing learning-based boundary detectors. our layer/loss enforces the detector to predict a maximum response along the normal direction at an edge, while also regularizing its direction. we further reason about true object boundaries during training using a level set formulation, which allows the network to learn from misaligned labels in an end-to-end fashion. experiments show that we improve over the casenet backbone network by more than 4% in terms of mf(ods) and 18.61% in terms of ap, outperforming all current state-of-the-art methods including those that deal with alignment. furthermore, we show that our learned network can be used to significantly improve coarse segmentation labels, lending itself as an efficient way to label new data."
Mathieu Roche,Mathieu Roche,1,http://arxiv.org/abs/1904.08010v1,cs.AI;cs.DB;cs.IR,"how to define co-occurrence in different domains of study?. this position paper presents a comparative study of co-occurrences. some similarities and differences in the definition exist depending on the research domain (e.g. linguistics, nlp, computer science). this paper discusses these points, and deals with the methodological aspects in order to identify co-occurrences in a multidisciplinary paradigm."
Kai Feng,Kai Feng,1,http://arxiv.org/abs/1905.02810v1,cs.AI;econ.GN;stat.ME;stat.ML,decision making with machine learning and roc curves. the receiver operating characteristic (roc) curve is a representation of the statistical information discovered in binary classification problems and is a key concept in machine learning and data science. this paper studies the statistical properties of roc curves and its implication on model selection. we analyze the implications of different models of incentive heterogeneity and information asymmetry on the relation between human decisions and the roc curves. our theoretical discussion is illustrated in the context of a large data set of pregnancy outcomes and doctor diagnosis from the pre-pregnancy checkups of reproductive age couples in henan province provided by the chinese ministry of health.
Han Hong,Han Hong,1,http://arxiv.org/abs/1905.02810v1,cs.AI;econ.GN;stat.ME;stat.ML,decision making with machine learning and roc curves. the receiver operating characteristic (roc) curve is a representation of the statistical information discovered in binary classification problems and is a key concept in machine learning and data science. this paper studies the statistical properties of roc curves and its implication on model selection. we analyze the implications of different models of incentive heterogeneity and information asymmetry on the relation between human decisions and the roc curves. our theoretical discussion is illustrated in the context of a large data set of pregnancy outcomes and doctor diagnosis from the pre-pregnancy checkups of reproductive age couples in henan province provided by the chinese ministry of health.
Ke Tang,Ke Tang,1,http://arxiv.org/abs/1905.02810v1,cs.AI;econ.GN;stat.ME;stat.ML,decision making with machine learning and roc curves. the receiver operating characteristic (roc) curve is a representation of the statistical information discovered in binary classification problems and is a key concept in machine learning and data science. this paper studies the statistical properties of roc curves and its implication on model selection. we analyze the implications of different models of incentive heterogeneity and information asymmetry on the relation between human decisions and the roc curves. our theoretical discussion is illustrated in the context of a large data set of pregnancy outcomes and doctor diagnosis from the pre-pregnancy checkups of reproductive age couples in henan province provided by the chinese ministry of health.
Jingyuan Wang,Jingyuan Wang,1,http://arxiv.org/abs/1905.02810v1,cs.AI;econ.GN;stat.ME;stat.ML,decision making with machine learning and roc curves. the receiver operating characteristic (roc) curve is a representation of the statistical information discovered in binary classification problems and is a key concept in machine learning and data science. this paper studies the statistical properties of roc curves and its implication on model selection. we analyze the implications of different models of incentive heterogeneity and information asymmetry on the relation between human decisions and the roc curves. our theoretical discussion is illustrated in the context of a large data set of pregnancy outcomes and doctor diagnosis from the pre-pregnancy checkups of reproductive age couples in henan province provided by the chinese ministry of health.
Benyamin Ghojogh,Benyamin Ghojogh,1,http://arxiv.org/abs/1905.02845v1,cs.AI;cs.CV;cs.LG;stat.ML,"feature selection and feature extraction in pattern analysis: a literature review. pattern analysis often requires a pre-processing stage for extracting or selecting features in order to help the classification, prediction, or clustering stage discriminate or represent the data in a better way. the reason for this requirement is that the raw data are complex and difficult to process without extracting or selecting appropriate features beforehand. this paper reviews theory and motivation of different common methods of feature selection and extraction and introduces some of their applications. some numerical implementations are also shown for these methods. finally, the methods in feature selection and extraction are compared."
Maria N. Samad,Maria N. Samad,1,http://arxiv.org/abs/1905.02845v1,cs.AI;cs.CV;cs.LG;stat.ML,"feature selection and feature extraction in pattern analysis: a literature review. pattern analysis often requires a pre-processing stage for extracting or selecting features in order to help the classification, prediction, or clustering stage discriminate or represent the data in a better way. the reason for this requirement is that the raw data are complex and difficult to process without extracting or selecting appropriate features beforehand. this paper reviews theory and motivation of different common methods of feature selection and extraction and introduces some of their applications. some numerical implementations are also shown for these methods. finally, the methods in feature selection and extraction are compared."
Sayema Asif Mashhadi,Sayema Asif Mashhadi,1,http://arxiv.org/abs/1905.02845v1,cs.AI;cs.CV;cs.LG;stat.ML,"feature selection and feature extraction in pattern analysis: a literature review. pattern analysis often requires a pre-processing stage for extracting or selecting features in order to help the classification, prediction, or clustering stage discriminate or represent the data in a better way. the reason for this requirement is that the raw data are complex and difficult to process without extracting or selecting appropriate features beforehand. this paper reviews theory and motivation of different common methods of feature selection and extraction and introduces some of their applications. some numerical implementations are also shown for these methods. finally, the methods in feature selection and extraction are compared."
Tania Kapoor,Tania Kapoor,1,http://arxiv.org/abs/1905.02845v1,cs.AI;cs.CV;cs.LG;stat.ML,"feature selection and feature extraction in pattern analysis: a literature review. pattern analysis often requires a pre-processing stage for extracting or selecting features in order to help the classification, prediction, or clustering stage discriminate or represent the data in a better way. the reason for this requirement is that the raw data are complex and difficult to process without extracting or selecting appropriate features beforehand. this paper reviews theory and motivation of different common methods of feature selection and extraction and introduces some of their applications. some numerical implementations are also shown for these methods. finally, the methods in feature selection and extraction are compared."
Wahab Ali,Wahab Ali,1,http://arxiv.org/abs/1905.02845v1,cs.AI;cs.CV;cs.LG;stat.ML,"feature selection and feature extraction in pattern analysis: a literature review. pattern analysis often requires a pre-processing stage for extracting or selecting features in order to help the classification, prediction, or clustering stage discriminate or represent the data in a better way. the reason for this requirement is that the raw data are complex and difficult to process without extracting or selecting appropriate features beforehand. this paper reviews theory and motivation of different common methods of feature selection and extraction and introduces some of their applications. some numerical implementations are also shown for these methods. finally, the methods in feature selection and extraction are compared."
Fakhri Karray,Fakhri Karray,1,http://arxiv.org/abs/1905.02845v1,cs.AI;cs.CV;cs.LG;stat.ML,"feature selection and feature extraction in pattern analysis: a literature review. pattern analysis often requires a pre-processing stage for extracting or selecting features in order to help the classification, prediction, or clustering stage discriminate or represent the data in a better way. the reason for this requirement is that the raw data are complex and difficult to process without extracting or selecting appropriate features beforehand. this paper reviews theory and motivation of different common methods of feature selection and extraction and introduces some of their applications. some numerical implementations are also shown for these methods. finally, the methods in feature selection and extraction are compared."
Mark Crowley,Mark Crowley,1,http://arxiv.org/abs/1905.02845v1,cs.AI;cs.CV;cs.LG;stat.ML,"feature selection and feature extraction in pattern analysis: a literature review. pattern analysis often requires a pre-processing stage for extracting or selecting features in order to help the classification, prediction, or clustering stage discriminate or represent the data in a better way. the reason for this requirement is that the raw data are complex and difficult to process without extracting or selecting appropriate features beforehand. this paper reviews theory and motivation of different common methods of feature selection and extraction and introduces some of their applications. some numerical implementations are also shown for these methods. finally, the methods in feature selection and extraction are compared."
Qiuyun Zhang,Qiuyun Zhang,1,http://arxiv.org/abs/1905.01984v1,cs.AI;cs.CL;cs.HC,"ai-powered text generation for harmonious human-machine interaction: current state and future directions. in the last two decades, the landscape of text generation has undergone tremendous changes and is being reshaped by the success of deep learning. new technologies for text generation ranging from template-based methods to neural network-based methods emerged. meanwhile, the research objectives have also changed from generating smooth and coherent sentences to infusing personalized traits to enrich the diversification of newly generated content. with the rapid development of text generation solutions, one comprehensive survey is urgent to summarize the achievements and track the state of the arts. in this survey paper, we present the general systematical framework, illustrate the widely utilized models and summarize the classic applications of text generation."
Bin Guo,Bin Guo,1,http://arxiv.org/abs/1905.01984v1,cs.AI;cs.CL;cs.HC,"ai-powered text generation for harmonious human-machine interaction: current state and future directions. in the last two decades, the landscape of text generation has undergone tremendous changes and is being reshaped by the success of deep learning. new technologies for text generation ranging from template-based methods to neural network-based methods emerged. meanwhile, the research objectives have also changed from generating smooth and coherent sentences to infusing personalized traits to enrich the diversification of newly generated content. with the rapid development of text generation solutions, one comprehensive survey is urgent to summarize the achievements and track the state of the arts. in this survey paper, we present the general systematical framework, illustrate the widely utilized models and summarize the classic applications of text generation."
Hao Wang,Hao Wang,1,http://arxiv.org/abs/1905.01984v1,cs.AI;cs.CL;cs.HC,"ai-powered text generation for harmonious human-machine interaction: current state and future directions. in the last two decades, the landscape of text generation has undergone tremendous changes and is being reshaped by the success of deep learning. new technologies for text generation ranging from template-based methods to neural network-based methods emerged. meanwhile, the research objectives have also changed from generating smooth and coherent sentences to infusing personalized traits to enrich the diversification of newly generated content. with the rapid development of text generation solutions, one comprehensive survey is urgent to summarize the achievements and track the state of the arts. in this survey paper, we present the general systematical framework, illustrate the widely utilized models and summarize the classic applications of text generation."
Yunji Liang,Yunji Liang,1,http://arxiv.org/abs/1905.01984v1,cs.AI;cs.CL;cs.HC,"ai-powered text generation for harmonious human-machine interaction: current state and future directions. in the last two decades, the landscape of text generation has undergone tremendous changes and is being reshaped by the success of deep learning. new technologies for text generation ranging from template-based methods to neural network-based methods emerged. meanwhile, the research objectives have also changed from generating smooth and coherent sentences to infusing personalized traits to enrich the diversification of newly generated content. with the rapid development of text generation solutions, one comprehensive survey is urgent to summarize the achievements and track the state of the arts. in this survey paper, we present the general systematical framework, illustrate the widely utilized models and summarize the classic applications of text generation."
Shaoyang Hao,Shaoyang Hao,1,http://arxiv.org/abs/1905.01984v1,cs.AI;cs.CL;cs.HC,"ai-powered text generation for harmonious human-machine interaction: current state and future directions. in the last two decades, the landscape of text generation has undergone tremendous changes and is being reshaped by the success of deep learning. new technologies for text generation ranging from template-based methods to neural network-based methods emerged. meanwhile, the research objectives have also changed from generating smooth and coherent sentences to infusing personalized traits to enrich the diversification of newly generated content. with the rapid development of text generation solutions, one comprehensive survey is urgent to summarize the achievements and track the state of the arts. in this survey paper, we present the general systematical framework, illustrate the widely utilized models and summarize the classic applications of text generation."
Zhiwen Yu,Zhiwen Yu,1,http://arxiv.org/abs/1905.01984v1,cs.AI;cs.CL;cs.HC,"ai-powered text generation for harmonious human-machine interaction: current state and future directions. in the last two decades, the landscape of text generation has undergone tremendous changes and is being reshaped by the success of deep learning. new technologies for text generation ranging from template-based methods to neural network-based methods emerged. meanwhile, the research objectives have also changed from generating smooth and coherent sentences to infusing personalized traits to enrich the diversification of newly generated content. with the rapid development of text generation solutions, one comprehensive survey is urgent to summarize the achievements and track the state of the arts. in this survey paper, we present the general systematical framework, illustrate the widely utilized models and summarize the classic applications of text generation."
Heguang Liu,Heguang Liu,1,http://arxiv.org/abs/1905.02019v1,cs.AI;cs.CL;cs.LG;stat.ML,"conditioning lstm decoder and bi-directional attention based question answering system. applying neural-networks on question answering has gained increasing popularity in recent years. in this paper, i implemented a model with bi-directional attention flow layer, connected with a multi-layer lstm encoder, connected with one start-index decoder and one conditioning end-index decoder. i introduce a new end-index decoder layer, conditioning on start-index output. the experiment shows this has increased model performance by 15.16%. for prediction, i proposed a new smart-span equation, rewarding both short answer length and high probability in start-index and end-index, which further improved the prediction accuracy. the best single model achieves an f1 score of 73.97% and em score of 64.95% on test set."
Bin Yang,Bin Yang,1,http://arxiv.org/abs/1905.03362v1,cs.AI,"2-bit model compression of deep convolutional neural network on asic engine for image retrieval. image retrieval utilizes image descriptors to retrieve the most similar images to a given query image. convolutional neural network (cnn) is becoming the dominant approach to extract image descriptors for image retrieval. for low-power hardware implementation of image retrieval, the drawback of cnn-based feature descriptor is that it requires hundreds of megabytes of storage. to address this problem, this paper applies deep model quantization and compression to cnn in asic chip for image retrieval. it is demonstrated that the cnn-based features descriptor can be extracted using as few as 2-bit weights quantization to deliver a similar performance as floating-point model for image retrieval. in addition, to implement cnn in asic, especially for large scale images, the limited buffer size of chips should be considered. to retrieve large scale images, we propose an improved pooling strategy, region nested invariance pooling (rnip), which uses cropped sub-images for cnn. testing results on chip show that integrating rnip with the proposed 2-bit cnn model compression approach is capable of retrieving large scale images."
Lin Yang,Lin Yang,1,http://arxiv.org/abs/1905.03362v1,cs.AI,"2-bit model compression of deep convolutional neural network on asic engine for image retrieval. image retrieval utilizes image descriptors to retrieve the most similar images to a given query image. convolutional neural network (cnn) is becoming the dominant approach to extract image descriptors for image retrieval. for low-power hardware implementation of image retrieval, the drawback of cnn-based feature descriptor is that it requires hundreds of megabytes of storage. to address this problem, this paper applies deep model quantization and compression to cnn in asic chip for image retrieval. it is demonstrated that the cnn-based features descriptor can be extracted using as few as 2-bit weights quantization to deliver a similar performance as floating-point model for image retrieval. in addition, to implement cnn in asic, especially for large scale images, the limited buffer size of chips should be considered. to retrieve large scale images, we propose an improved pooling strategy, region nested invariance pooling (rnip), which uses cropped sub-images for cnn. testing results on chip show that integrating rnip with the proposed 2-bit cnn model compression approach is capable of retrieving large scale images."
Xiaochun Li,Xiaochun Li,1,http://arxiv.org/abs/1905.03362v1,cs.AI,"2-bit model compression of deep convolutional neural network on asic engine for image retrieval. image retrieval utilizes image descriptors to retrieve the most similar images to a given query image. convolutional neural network (cnn) is becoming the dominant approach to extract image descriptors for image retrieval. for low-power hardware implementation of image retrieval, the drawback of cnn-based feature descriptor is that it requires hundreds of megabytes of storage. to address this problem, this paper applies deep model quantization and compression to cnn in asic chip for image retrieval. it is demonstrated that the cnn-based features descriptor can be extracted using as few as 2-bit weights quantization to deliver a similar performance as floating-point model for image retrieval. in addition, to implement cnn in asic, especially for large scale images, the limited buffer size of chips should be considered. to retrieve large scale images, we propose an improved pooling strategy, region nested invariance pooling (rnip), which uses cropped sub-images for cnn. testing results on chip show that integrating rnip with the proposed 2-bit cnn model compression approach is capable of retrieving large scale images."
Wenhan Zhang,Wenhan Zhang,1,http://arxiv.org/abs/1905.03362v1,cs.AI,"2-bit model compression of deep convolutional neural network on asic engine for image retrieval. image retrieval utilizes image descriptors to retrieve the most similar images to a given query image. convolutional neural network (cnn) is becoming the dominant approach to extract image descriptors for image retrieval. for low-power hardware implementation of image retrieval, the drawback of cnn-based feature descriptor is that it requires hundreds of megabytes of storage. to address this problem, this paper applies deep model quantization and compression to cnn in asic chip for image retrieval. it is demonstrated that the cnn-based features descriptor can be extracted using as few as 2-bit weights quantization to deliver a similar performance as floating-point model for image retrieval. in addition, to implement cnn in asic, especially for large scale images, the limited buffer size of chips should be considered. to retrieve large scale images, we propose an improved pooling strategy, region nested invariance pooling (rnip), which uses cropped sub-images for cnn. testing results on chip show that integrating rnip with the proposed 2-bit cnn model compression approach is capable of retrieving large scale images."
Hua Zhou,Hua Zhou,1,http://arxiv.org/abs/1905.03362v1,cs.AI,"2-bit model compression of deep convolutional neural network on asic engine for image retrieval. image retrieval utilizes image descriptors to retrieve the most similar images to a given query image. convolutional neural network (cnn) is becoming the dominant approach to extract image descriptors for image retrieval. for low-power hardware implementation of image retrieval, the drawback of cnn-based feature descriptor is that it requires hundreds of megabytes of storage. to address this problem, this paper applies deep model quantization and compression to cnn in asic chip for image retrieval. it is demonstrated that the cnn-based features descriptor can be extracted using as few as 2-bit weights quantization to deliver a similar performance as floating-point model for image retrieval. in addition, to implement cnn in asic, especially for large scale images, the limited buffer size of chips should be considered. to retrieve large scale images, we propose an improved pooling strategy, region nested invariance pooling (rnip), which uses cropped sub-images for cnn. testing results on chip show that integrating rnip with the proposed 2-bit cnn model compression approach is capable of retrieving large scale images."
Yequn Zhang,Yequn Zhang,1,http://arxiv.org/abs/1905.03362v1,cs.AI,"2-bit model compression of deep convolutional neural network on asic engine for image retrieval. image retrieval utilizes image descriptors to retrieve the most similar images to a given query image. convolutional neural network (cnn) is becoming the dominant approach to extract image descriptors for image retrieval. for low-power hardware implementation of image retrieval, the drawback of cnn-based feature descriptor is that it requires hundreds of megabytes of storage. to address this problem, this paper applies deep model quantization and compression to cnn in asic chip for image retrieval. it is demonstrated that the cnn-based features descriptor can be extracted using as few as 2-bit weights quantization to deliver a similar performance as floating-point model for image retrieval. in addition, to implement cnn in asic, especially for large scale images, the limited buffer size of chips should be considered. to retrieve large scale images, we propose an improved pooling strategy, region nested invariance pooling (rnip), which uses cropped sub-images for cnn. testing results on chip show that integrating rnip with the proposed 2-bit cnn model compression approach is capable of retrieving large scale images."
Yongxiong Ren,Yongxiong Ren,1,http://arxiv.org/abs/1905.03362v1,cs.AI,"2-bit model compression of deep convolutional neural network on asic engine for image retrieval. image retrieval utilizes image descriptors to retrieve the most similar images to a given query image. convolutional neural network (cnn) is becoming the dominant approach to extract image descriptors for image retrieval. for low-power hardware implementation of image retrieval, the drawback of cnn-based feature descriptor is that it requires hundreds of megabytes of storage. to address this problem, this paper applies deep model quantization and compression to cnn in asic chip for image retrieval. it is demonstrated that the cnn-based features descriptor can be extracted using as few as 2-bit weights quantization to deliver a similar performance as floating-point model for image retrieval. in addition, to implement cnn in asic, especially for large scale images, the limited buffer size of chips should be considered. to retrieve large scale images, we propose an improved pooling strategy, region nested invariance pooling (rnip), which uses cropped sub-images for cnn. testing results on chip show that integrating rnip with the proposed 2-bit cnn model compression approach is capable of retrieving large scale images."
Yinbo Shi,Yinbo Shi,1,http://arxiv.org/abs/1905.03362v1,cs.AI,"2-bit model compression of deep convolutional neural network on asic engine for image retrieval. image retrieval utilizes image descriptors to retrieve the most similar images to a given query image. convolutional neural network (cnn) is becoming the dominant approach to extract image descriptors for image retrieval. for low-power hardware implementation of image retrieval, the drawback of cnn-based feature descriptor is that it requires hundreds of megabytes of storage. to address this problem, this paper applies deep model quantization and compression to cnn in asic chip for image retrieval. it is demonstrated that the cnn-based features descriptor can be extracted using as few as 2-bit weights quantization to deliver a similar performance as floating-point model for image retrieval. in addition, to implement cnn in asic, especially for large scale images, the limited buffer size of chips should be considered. to retrieve large scale images, we propose an improved pooling strategy, region nested invariance pooling (rnip), which uses cropped sub-images for cnn. testing results on chip show that integrating rnip with the proposed 2-bit cnn model compression approach is capable of retrieving large scale images."
Luiz F. O. Moura Santos,Luiz F. O. Moura Santos,1,http://arxiv.org/abs/1905.03427v1,cs.AI;cs.DS;math.OC,"variable neighborhood search for the bin packing problem with compatible categories. bin packing with conflicts (bpc) are problems in which items with compatibility constraints must be packed in the least number of bins, not exceeding the capacity of the bins and ensuring that non-conflicting items are packed in each bin. in this work, we introduce the bin packing problem with compatible categories (bpcc), a variant of the bpc in which items belong to conflicting or compatible categories, in opposition to the item-by-item incompatibility found in previous literature. it is a common problem in the context of last mile distribution to nanostores located in densely populated areas. to efficiently solve real-life sized instances of the problem, we propose a variable neighborhood search (vns) metaheuristic algorithm. computational experiments suggest that the algorithm yields good solutions in very short times while compared to linear integer programming running on a high-performance computing environment."
Hugo T. Y. Yoshizaki,Hugo T. Y. Yoshizaki,1,http://arxiv.org/abs/1905.03427v1,cs.AI;cs.DS;math.OC,"variable neighborhood search for the bin packing problem with compatible categories. bin packing with conflicts (bpc) are problems in which items with compatibility constraints must be packed in the least number of bins, not exceeding the capacity of the bins and ensuring that non-conflicting items are packed in each bin. in this work, we introduce the bin packing problem with compatible categories (bpcc), a variant of the bpc in which items belong to conflicting or compatible categories, in opposition to the item-by-item incompatibility found in previous literature. it is a common problem in the context of last mile distribution to nanostores located in densely populated areas. to efficiently solve real-life sized instances of the problem, we propose a variable neighborhood search (vns) metaheuristic algorithm. computational experiments suggest that the algorithm yields good solutions in very short times while compared to linear integer programming running on a high-performance computing environment."
Claudio B. Cunha,Claudio B. Cunha,1,http://arxiv.org/abs/1905.03427v1,cs.AI;cs.DS;math.OC,"variable neighborhood search for the bin packing problem with compatible categories. bin packing with conflicts (bpc) are problems in which items with compatibility constraints must be packed in the least number of bins, not exceeding the capacity of the bins and ensuring that non-conflicting items are packed in each bin. in this work, we introduce the bin packing problem with compatible categories (bpcc), a variant of the bpc in which items belong to conflicting or compatible categories, in opposition to the item-by-item incompatibility found in previous literature. it is a common problem in the context of last mile distribution to nanostores located in densely populated areas. to efficiently solve real-life sized instances of the problem, we propose a variable neighborhood search (vns) metaheuristic algorithm. computational experiments suggest that the algorithm yields good solutions in very short times while compared to linear integer programming running on a high-performance computing environment."
Yufei Han,Yufei Han,1,http://arxiv.org/abs/1905.02941v1,cs.AI;cs.LG;stat.ML,"robust federated training via collaborative machine teaching using trusted instances. federated learning performs distributed model training using local data hosted by agents. it shares only model parameter updates for iterative aggregation at the server. although it is privacy-preserving by design, federated learning is vulnerable to noise corruption of local agents, as demonstrated in the previous study on adversarial data poisoning threat against federated learning systems. even a single noise-corrupted agent can bias the model training. in our work, we propose a collaborative and privacy-preserving machine teaching paradigm with multiple distributed teachers, to improve robustness of the federated training process against local data corruption. we assume that each local agent (teacher) have the resources to verify a small portions of trusted instances, which may not by itself be adequate for learning. in the proposed collaborative machine teaching method, these trusted instances guide the distributed agents to jointly select a compact while informative training subset from data hosted by their own. simultaneously, the agents learn to add changes of limited magnitudes into the selected data instances, in order to improve the testing performances of the federally trained model despite of the training data corruption. experiments on toy and real data demonstrate that our approach can identify training set bugs effectively and suggest appropriate changes to the labels. our algorithm is a step toward trustworthy machine learning."
Xiangliang Zhang,Xiangliang Zhang,1,http://arxiv.org/abs/1905.02941v1,cs.AI;cs.LG;stat.ML,"robust federated training via collaborative machine teaching using trusted instances. federated learning performs distributed model training using local data hosted by agents. it shares only model parameter updates for iterative aggregation at the server. although it is privacy-preserving by design, federated learning is vulnerable to noise corruption of local agents, as demonstrated in the previous study on adversarial data poisoning threat against federated learning systems. even a single noise-corrupted agent can bias the model training. in our work, we propose a collaborative and privacy-preserving machine teaching paradigm with multiple distributed teachers, to improve robustness of the federated training process against local data corruption. we assume that each local agent (teacher) have the resources to verify a small portions of trusted instances, which may not by itself be adequate for learning. in the proposed collaborative machine teaching method, these trusted instances guide the distributed agents to jointly select a compact while informative training subset from data hosted by their own. simultaneously, the agents learn to add changes of limited magnitudes into the selected data instances, in order to improve the testing performances of the federally trained model despite of the training data corruption. experiments on toy and real data demonstrate that our approach can identify training set bugs effectively and suggest appropriate changes to the labels. our algorithm is a step toward trustworthy machine learning."
Shreyansh Gandhi,Shreyansh Gandhi,1,http://arxiv.org/abs/1905.02234v2,cs.AI;cs.CV;cs.LG,"image matters: scalable detection of offensive and non-compliant content / logo in product images. in e-commerce, product content, especially product images have a significant influence on a customer's journey from product discovery to evaluation and finally, purchase decision. since many e-commerce retailers sell items from other third-party marketplace sellers besides their own, the content published by both internal and external content creators needs to be monitored and enriched, wherever possible. despite guidelines and warnings, product listings that contain offensive and non-compliant images continue to enter catalogs. offensive and non-compliant content can include a wide range of objects, logos, and banners conveying violent, sexually explicit, racist, or promotional messages. such images can severely damage the customer experience, lead to legal issues, and erode the company brand. in this paper, we present a computer vision driven offensive and non-compliant image detection system for extremely large image datasets. this paper delves into the unique challenges of applying deep learning to real-world product image data from retail world. we demonstrate how we resolve a number of technical challenges such as lack of training data, severe class imbalance, fine-grained class definitions etc. using a number of practical yet unique technical strategies. our system combines state-of-the-art image classification and object detection techniques with budgeted crowdsourcing to develop a solution customized for a massive, diverse, and constantly evolving product catalog."
Samrat Kokkula,Samrat Kokkula,1,http://arxiv.org/abs/1905.02234v2,cs.AI;cs.CV;cs.LG,"image matters: scalable detection of offensive and non-compliant content / logo in product images. in e-commerce, product content, especially product images have a significant influence on a customer's journey from product discovery to evaluation and finally, purchase decision. since many e-commerce retailers sell items from other third-party marketplace sellers besides their own, the content published by both internal and external content creators needs to be monitored and enriched, wherever possible. despite guidelines and warnings, product listings that contain offensive and non-compliant images continue to enter catalogs. offensive and non-compliant content can include a wide range of objects, logos, and banners conveying violent, sexually explicit, racist, or promotional messages. such images can severely damage the customer experience, lead to legal issues, and erode the company brand. in this paper, we present a computer vision driven offensive and non-compliant image detection system for extremely large image datasets. this paper delves into the unique challenges of applying deep learning to real-world product image data from retail world. we demonstrate how we resolve a number of technical challenges such as lack of training data, severe class imbalance, fine-grained class definitions etc. using a number of practical yet unique technical strategies. our system combines state-of-the-art image classification and object detection techniques with budgeted crowdsourcing to develop a solution customized for a massive, diverse, and constantly evolving product catalog."
Abon Chaudhuri,Abon Chaudhuri,1,http://arxiv.org/abs/1905.02234v2,cs.AI;cs.CV;cs.LG,"image matters: scalable detection of offensive and non-compliant content / logo in product images. in e-commerce, product content, especially product images have a significant influence on a customer's journey from product discovery to evaluation and finally, purchase decision. since many e-commerce retailers sell items from other third-party marketplace sellers besides their own, the content published by both internal and external content creators needs to be monitored and enriched, wherever possible. despite guidelines and warnings, product listings that contain offensive and non-compliant images continue to enter catalogs. offensive and non-compliant content can include a wide range of objects, logos, and banners conveying violent, sexually explicit, racist, or promotional messages. such images can severely damage the customer experience, lead to legal issues, and erode the company brand. in this paper, we present a computer vision driven offensive and non-compliant image detection system for extremely large image datasets. this paper delves into the unique challenges of applying deep learning to real-world product image data from retail world. we demonstrate how we resolve a number of technical challenges such as lack of training data, severe class imbalance, fine-grained class definitions etc. using a number of practical yet unique technical strategies. our system combines state-of-the-art image classification and object detection techniques with budgeted crowdsourcing to develop a solution customized for a massive, diverse, and constantly evolving product catalog."
Alessandro Magnani,Alessandro Magnani,1,http://arxiv.org/abs/1905.02234v2,cs.AI;cs.CV;cs.LG,"image matters: scalable detection of offensive and non-compliant content / logo in product images. in e-commerce, product content, especially product images have a significant influence on a customer's journey from product discovery to evaluation and finally, purchase decision. since many e-commerce retailers sell items from other third-party marketplace sellers besides their own, the content published by both internal and external content creators needs to be monitored and enriched, wherever possible. despite guidelines and warnings, product listings that contain offensive and non-compliant images continue to enter catalogs. offensive and non-compliant content can include a wide range of objects, logos, and banners conveying violent, sexually explicit, racist, or promotional messages. such images can severely damage the customer experience, lead to legal issues, and erode the company brand. in this paper, we present a computer vision driven offensive and non-compliant image detection system for extremely large image datasets. this paper delves into the unique challenges of applying deep learning to real-world product image data from retail world. we demonstrate how we resolve a number of technical challenges such as lack of training data, severe class imbalance, fine-grained class definitions etc. using a number of practical yet unique technical strategies. our system combines state-of-the-art image classification and object detection techniques with budgeted crowdsourcing to develop a solution customized for a massive, diverse, and constantly evolving product catalog."
Theban Stanley,Theban Stanley,1,http://arxiv.org/abs/1905.02234v2,cs.AI;cs.CV;cs.LG,"image matters: scalable detection of offensive and non-compliant content / logo in product images. in e-commerce, product content, especially product images have a significant influence on a customer's journey from product discovery to evaluation and finally, purchase decision. since many e-commerce retailers sell items from other third-party marketplace sellers besides their own, the content published by both internal and external content creators needs to be monitored and enriched, wherever possible. despite guidelines and warnings, product listings that contain offensive and non-compliant images continue to enter catalogs. offensive and non-compliant content can include a wide range of objects, logos, and banners conveying violent, sexually explicit, racist, or promotional messages. such images can severely damage the customer experience, lead to legal issues, and erode the company brand. in this paper, we present a computer vision driven offensive and non-compliant image detection system for extremely large image datasets. this paper delves into the unique challenges of applying deep learning to real-world product image data from retail world. we demonstrate how we resolve a number of technical challenges such as lack of training data, severe class imbalance, fine-grained class definitions etc. using a number of practical yet unique technical strategies. our system combines state-of-the-art image classification and object detection techniques with budgeted crowdsourcing to develop a solution customized for a massive, diverse, and constantly evolving product catalog."
Behzad Ahmadi,Behzad Ahmadi,1,http://arxiv.org/abs/1905.02234v2,cs.AI;cs.CV;cs.LG,"image matters: scalable detection of offensive and non-compliant content / logo in product images. in e-commerce, product content, especially product images have a significant influence on a customer's journey from product discovery to evaluation and finally, purchase decision. since many e-commerce retailers sell items from other third-party marketplace sellers besides their own, the content published by both internal and external content creators needs to be monitored and enriched, wherever possible. despite guidelines and warnings, product listings that contain offensive and non-compliant images continue to enter catalogs. offensive and non-compliant content can include a wide range of objects, logos, and banners conveying violent, sexually explicit, racist, or promotional messages. such images can severely damage the customer experience, lead to legal issues, and erode the company brand. in this paper, we present a computer vision driven offensive and non-compliant image detection system for extremely large image datasets. this paper delves into the unique challenges of applying deep learning to real-world product image data from retail world. we demonstrate how we resolve a number of technical challenges such as lack of training data, severe class imbalance, fine-grained class definitions etc. using a number of practical yet unique technical strategies. our system combines state-of-the-art image classification and object detection techniques with budgeted crowdsourcing to develop a solution customized for a massive, diverse, and constantly evolving product catalog."
Venkatesh Kandaswamy,Venkatesh Kandaswamy,1,http://arxiv.org/abs/1905.02234v2,cs.AI;cs.CV;cs.LG,"image matters: scalable detection of offensive and non-compliant content / logo in product images. in e-commerce, product content, especially product images have a significant influence on a customer's journey from product discovery to evaluation and finally, purchase decision. since many e-commerce retailers sell items from other third-party marketplace sellers besides their own, the content published by both internal and external content creators needs to be monitored and enriched, wherever possible. despite guidelines and warnings, product listings that contain offensive and non-compliant images continue to enter catalogs. offensive and non-compliant content can include a wide range of objects, logos, and banners conveying violent, sexually explicit, racist, or promotional messages. such images can severely damage the customer experience, lead to legal issues, and erode the company brand. in this paper, we present a computer vision driven offensive and non-compliant image detection system for extremely large image datasets. this paper delves into the unique challenges of applying deep learning to real-world product image data from retail world. we demonstrate how we resolve a number of technical challenges such as lack of training data, severe class imbalance, fine-grained class definitions etc. using a number of practical yet unique technical strategies. our system combines state-of-the-art image classification and object detection techniques with budgeted crowdsourcing to develop a solution customized for a massive, diverse, and constantly evolving product catalog."
Omer Ovenc,Omer Ovenc,1,http://arxiv.org/abs/1905.02234v2,cs.AI;cs.CV;cs.LG,"image matters: scalable detection of offensive and non-compliant content / logo in product images. in e-commerce, product content, especially product images have a significant influence on a customer's journey from product discovery to evaluation and finally, purchase decision. since many e-commerce retailers sell items from other third-party marketplace sellers besides their own, the content published by both internal and external content creators needs to be monitored and enriched, wherever possible. despite guidelines and warnings, product listings that contain offensive and non-compliant images continue to enter catalogs. offensive and non-compliant content can include a wide range of objects, logos, and banners conveying violent, sexually explicit, racist, or promotional messages. such images can severely damage the customer experience, lead to legal issues, and erode the company brand. in this paper, we present a computer vision driven offensive and non-compliant image detection system for extremely large image datasets. this paper delves into the unique challenges of applying deep learning to real-world product image data from retail world. we demonstrate how we resolve a number of technical challenges such as lack of training data, severe class imbalance, fine-grained class definitions etc. using a number of practical yet unique technical strategies. our system combines state-of-the-art image classification and object detection techniques with budgeted crowdsourcing to develop a solution customized for a massive, diverse, and constantly evolving product catalog."
Shie Mannor,Shie Mannor,1,http://arxiv.org/abs/1905.02234v2,cs.AI;cs.CV;cs.LG,"image matters: scalable detection of offensive and non-compliant content / logo in product images. in e-commerce, product content, especially product images have a significant influence on a customer's journey from product discovery to evaluation and finally, purchase decision. since many e-commerce retailers sell items from other third-party marketplace sellers besides their own, the content published by both internal and external content creators needs to be monitored and enriched, wherever possible. despite guidelines and warnings, product listings that contain offensive and non-compliant images continue to enter catalogs. offensive and non-compliant content can include a wide range of objects, logos, and banners conveying violent, sexually explicit, racist, or promotional messages. such images can severely damage the customer experience, lead to legal issues, and erode the company brand. in this paper, we present a computer vision driven offensive and non-compliant image detection system for extremely large image datasets. this paper delves into the unique challenges of applying deep learning to real-world product image data from retail world. we demonstrate how we resolve a number of technical challenges such as lack of training data, severe class imbalance, fine-grained class definitions etc. using a number of practical yet unique technical strategies. our system combines state-of-the-art image classification and object detection techniques with budgeted crowdsourcing to develop a solution customized for a massive, diverse, and constantly evolving product catalog."
Tu Bui,Tu Bui,1,http://arxiv.org/abs/1904.12059v1,cs.AI;cs.CR;cs.CV;cs.DC,"archangel: tamper-proofing video archives using temporal content hashes on the blockchain. we present archangel; a novel distributed ledger based system for assuring the long-term integrity of digital video archives. first, we describe a novel deep network architecture for computing compact temporal content hashes (tchs) from audio-visual streams with durations of minutes or hours. our tchs are sensitive to accidental or malicious content modification (tampering) but invariant to the codec used to encode the video. this is necessary due to the curatorial requirement for archives to format shift video over time to ensure future accessibility. second, we describe how the tchs (and the models used to derive them) are secured via a proof-of-authority blockchain distributed across multiple independent archives. we report on the efficacy of archangel within the context of a trial deployment in which the national government archives of the united kingdom, estonia and norway participated."
Daniel Cooper,Daniel Cooper,1,http://arxiv.org/abs/1904.12059v1,cs.AI;cs.CR;cs.CV;cs.DC,"archangel: tamper-proofing video archives using temporal content hashes on the blockchain. we present archangel; a novel distributed ledger based system for assuring the long-term integrity of digital video archives. first, we describe a novel deep network architecture for computing compact temporal content hashes (tchs) from audio-visual streams with durations of minutes or hours. our tchs are sensitive to accidental or malicious content modification (tampering) but invariant to the codec used to encode the video. this is necessary due to the curatorial requirement for archives to format shift video over time to ensure future accessibility. second, we describe how the tchs (and the models used to derive them) are secured via a proof-of-authority blockchain distributed across multiple independent archives. we report on the efficacy of archangel within the context of a trial deployment in which the national government archives of the united kingdom, estonia and norway participated."
John Collomosse,John Collomosse,1,http://arxiv.org/abs/1904.12059v1,cs.AI;cs.CR;cs.CV;cs.DC,"archangel: tamper-proofing video archives using temporal content hashes on the blockchain. we present archangel; a novel distributed ledger based system for assuring the long-term integrity of digital video archives. first, we describe a novel deep network architecture for computing compact temporal content hashes (tchs) from audio-visual streams with durations of minutes or hours. our tchs are sensitive to accidental or malicious content modification (tampering) but invariant to the codec used to encode the video. this is necessary due to the curatorial requirement for archives to format shift video over time to ensure future accessibility. second, we describe how the tchs (and the models used to derive them) are secured via a proof-of-authority blockchain distributed across multiple independent archives. we report on the efficacy of archangel within the context of a trial deployment in which the national government archives of the united kingdom, estonia and norway participated."
Mark Bell,Mark Bell,1,http://arxiv.org/abs/1904.12059v1,cs.AI;cs.CR;cs.CV;cs.DC,"archangel: tamper-proofing video archives using temporal content hashes on the blockchain. we present archangel; a novel distributed ledger based system for assuring the long-term integrity of digital video archives. first, we describe a novel deep network architecture for computing compact temporal content hashes (tchs) from audio-visual streams with durations of minutes or hours. our tchs are sensitive to accidental or malicious content modification (tampering) but invariant to the codec used to encode the video. this is necessary due to the curatorial requirement for archives to format shift video over time to ensure future accessibility. second, we describe how the tchs (and the models used to derive them) are secured via a proof-of-authority blockchain distributed across multiple independent archives. we report on the efficacy of archangel within the context of a trial deployment in which the national government archives of the united kingdom, estonia and norway participated."
Alex Green,Alex Green,1,http://arxiv.org/abs/1904.12059v1,cs.AI;cs.CR;cs.CV;cs.DC,"archangel: tamper-proofing video archives using temporal content hashes on the blockchain. we present archangel; a novel distributed ledger based system for assuring the long-term integrity of digital video archives. first, we describe a novel deep network architecture for computing compact temporal content hashes (tchs) from audio-visual streams with durations of minutes or hours. our tchs are sensitive to accidental or malicious content modification (tampering) but invariant to the codec used to encode the video. this is necessary due to the curatorial requirement for archives to format shift video over time to ensure future accessibility. second, we describe how the tchs (and the models used to derive them) are secured via a proof-of-authority blockchain distributed across multiple independent archives. we report on the efficacy of archangel within the context of a trial deployment in which the national government archives of the united kingdom, estonia and norway participated."
John Sheridan,John Sheridan,1,http://arxiv.org/abs/1904.12059v1,cs.AI;cs.CR;cs.CV;cs.DC,"archangel: tamper-proofing video archives using temporal content hashes on the blockchain. we present archangel; a novel distributed ledger based system for assuring the long-term integrity of digital video archives. first, we describe a novel deep network architecture for computing compact temporal content hashes (tchs) from audio-visual streams with durations of minutes or hours. our tchs are sensitive to accidental or malicious content modification (tampering) but invariant to the codec used to encode the video. this is necessary due to the curatorial requirement for archives to format shift video over time to ensure future accessibility. second, we describe how the tchs (and the models used to derive them) are secured via a proof-of-authority blockchain distributed across multiple independent archives. we report on the efficacy of archangel within the context of a trial deployment in which the national government archives of the united kingdom, estonia and norway participated."
Jez Higgins,Jez Higgins,1,http://arxiv.org/abs/1904.12059v1,cs.AI;cs.CR;cs.CV;cs.DC,"archangel: tamper-proofing video archives using temporal content hashes on the blockchain. we present archangel; a novel distributed ledger based system for assuring the long-term integrity of digital video archives. first, we describe a novel deep network architecture for computing compact temporal content hashes (tchs) from audio-visual streams with durations of minutes or hours. our tchs are sensitive to accidental or malicious content modification (tampering) but invariant to the codec used to encode the video. this is necessary due to the curatorial requirement for archives to format shift video over time to ensure future accessibility. second, we describe how the tchs (and the models used to derive them) are secured via a proof-of-authority blockchain distributed across multiple independent archives. we report on the efficacy of archangel within the context of a trial deployment in which the national government archives of the united kingdom, estonia and norway participated."
Arindra Das,Arindra Das,1,http://arxiv.org/abs/1904.12059v1,cs.AI;cs.CR;cs.CV;cs.DC,"archangel: tamper-proofing video archives using temporal content hashes on the blockchain. we present archangel; a novel distributed ledger based system for assuring the long-term integrity of digital video archives. first, we describe a novel deep network architecture for computing compact temporal content hashes (tchs) from audio-visual streams with durations of minutes or hours. our tchs are sensitive to accidental or malicious content modification (tampering) but invariant to the codec used to encode the video. this is necessary due to the curatorial requirement for archives to format shift video over time to ensure future accessibility. second, we describe how the tchs (and the models used to derive them) are secured via a proof-of-authority blockchain distributed across multiple independent archives. we report on the efficacy of archangel within the context of a trial deployment in which the national government archives of the united kingdom, estonia and norway participated."
Jared Keller,Jared Keller,1,http://arxiv.org/abs/1904.12059v1,cs.AI;cs.CR;cs.CV;cs.DC,"archangel: tamper-proofing video archives using temporal content hashes on the blockchain. we present archangel; a novel distributed ledger based system for assuring the long-term integrity of digital video archives. first, we describe a novel deep network architecture for computing compact temporal content hashes (tchs) from audio-visual streams with durations of minutes or hours. our tchs are sensitive to accidental or malicious content modification (tampering) but invariant to the codec used to encode the video. this is necessary due to the curatorial requirement for archives to format shift video over time to ensure future accessibility. second, we describe how the tchs (and the models used to derive them) are secured via a proof-of-authority blockchain distributed across multiple independent archives. we report on the efficacy of archangel within the context of a trial deployment in which the national government archives of the united kingdom, estonia and norway participated."
Olivier Thereaux,Olivier Thereaux,1,http://arxiv.org/abs/1904.12059v1,cs.AI;cs.CR;cs.CV;cs.DC,"archangel: tamper-proofing video archives using temporal content hashes on the blockchain. we present archangel; a novel distributed ledger based system for assuring the long-term integrity of digital video archives. first, we describe a novel deep network architecture for computing compact temporal content hashes (tchs) from audio-visual streams with durations of minutes or hours. our tchs are sensitive to accidental or malicious content modification (tampering) but invariant to the codec used to encode the video. this is necessary due to the curatorial requirement for archives to format shift video over time to ensure future accessibility. second, we describe how the tchs (and the models used to derive them) are secured via a proof-of-authority blockchain distributed across multiple independent archives. we report on the efficacy of archangel within the context of a trial deployment in which the national government archives of the united kingdom, estonia and norway participated."
Alan Brown,Alan Brown,1,http://arxiv.org/abs/1904.12059v1,cs.AI;cs.CR;cs.CV;cs.DC,"archangel: tamper-proofing video archives using temporal content hashes on the blockchain. we present archangel; a novel distributed ledger based system for assuring the long-term integrity of digital video archives. first, we describe a novel deep network architecture for computing compact temporal content hashes (tchs) from audio-visual streams with durations of minutes or hours. our tchs are sensitive to accidental or malicious content modification (tampering) but invariant to the codec used to encode the video. this is necessary due to the curatorial requirement for archives to format shift video over time to ensure future accessibility. second, we describe how the tchs (and the models used to derive them) are secured via a proof-of-authority blockchain distributed across multiple independent archives. we report on the efficacy of archangel within the context of a trial deployment in which the national government archives of the united kingdom, estonia and norway participated."
Marjan Alirezaie,Marjan Alirezaie,1,http://arxiv.org/abs/1904.13196v1,cs.AI;cs.CV;cs.LG;cs.LO,"semantic referee: a neural-symbolic framework for enhancing geospatial semantic segmentation. understanding why machine learning algorithms may fail is usually the task of the human expert that uses domain knowledge and contextual information to discover systematic shortcomings in either the data or the algorithm. in this paper, we propose a semantic referee, which is able to extract qualitative features of the errors emerging from deep machine learning frameworks and suggest corrections. the semantic referee relies on ontological reasoning about spatial knowledge in order to characterize errors in terms of their spatial relations with the environment. using semantics, the reasoner interacts with the learning algorithm as a supervisor. in this paper, the proposed method of the interaction between a neural network classifier and a semantic referee shows how to improve the performance of semantic segmentation for satellite imagery data."
Martin Längkvist,Martin Längkvist,1,http://arxiv.org/abs/1904.13196v1,cs.AI;cs.CV;cs.LG;cs.LO,"semantic referee: a neural-symbolic framework for enhancing geospatial semantic segmentation. understanding why machine learning algorithms may fail is usually the task of the human expert that uses domain knowledge and contextual information to discover systematic shortcomings in either the data or the algorithm. in this paper, we propose a semantic referee, which is able to extract qualitative features of the errors emerging from deep machine learning frameworks and suggest corrections. the semantic referee relies on ontological reasoning about spatial knowledge in order to characterize errors in terms of their spatial relations with the environment. using semantics, the reasoner interacts with the learning algorithm as a supervisor. in this paper, the proposed method of the interaction between a neural network classifier and a semantic referee shows how to improve the performance of semantic segmentation for satellite imagery data."
Michael Sioutis,Michael Sioutis,1,http://arxiv.org/abs/1904.13196v1,cs.AI;cs.CV;cs.LG;cs.LO,"semantic referee: a neural-symbolic framework for enhancing geospatial semantic segmentation. understanding why machine learning algorithms may fail is usually the task of the human expert that uses domain knowledge and contextual information to discover systematic shortcomings in either the data or the algorithm. in this paper, we propose a semantic referee, which is able to extract qualitative features of the errors emerging from deep machine learning frameworks and suggest corrections. the semantic referee relies on ontological reasoning about spatial knowledge in order to characterize errors in terms of their spatial relations with the environment. using semantics, the reasoner interacts with the learning algorithm as a supervisor. in this paper, the proposed method of the interaction between a neural network classifier and a semantic referee shows how to improve the performance of semantic segmentation for satellite imagery data."
Amy Loutfi,Amy Loutfi,1,http://arxiv.org/abs/1904.13196v1,cs.AI;cs.CV;cs.LG;cs.LO,"semantic referee: a neural-symbolic framework for enhancing geospatial semantic segmentation. understanding why machine learning algorithms may fail is usually the task of the human expert that uses domain knowledge and contextual information to discover systematic shortcomings in either the data or the algorithm. in this paper, we propose a semantic referee, which is able to extract qualitative features of the errors emerging from deep machine learning frameworks and suggest corrections. the semantic referee relies on ontological reasoning about spatial knowledge in order to characterize errors in terms of their spatial relations with the environment. using semantics, the reasoner interacts with the learning algorithm as a supervisor. in this paper, the proposed method of the interaction between a neural network classifier and a semantic referee shows how to improve the performance of semantic segmentation for satellite imagery data."
Yongcheng Liu,Yongcheng Liu,1,http://arxiv.org/abs/1904.07601v3,cs.AI;cs.CG;cs.CV;cs.GR;cs.RO,"relation-shape convolutional neural network for point cloud analysis. point cloud analysis is very challenging, as the shape implied in irregular points is difficult to capture. in this paper, we propose rs-cnn, namely, relation-shape convolutional neural network, which extends regular grid cnn to irregular configuration for point cloud analysis. the key to rs-cnn is learning from relation, i.e., the geometric topology constraint among points. specifically, the convolutional weight for local point set is forced to learn a high-level relation expression from predefined geometric priors, between a sampled point from this point set and the others. in this way, an inductive local representation with explicit reasoning about the spatial layout of points can be obtained, which leads to much shape awareness and robustness. with this convolution as a basic operator, rs-cnn, a hierarchical architecture can be developed to achieve contextual shape-aware learning for point cloud analysis. extensive experiments on challenging benchmarks across three tasks verify rs-cnn achieves the state of the arts."
Bin Fan,Bin Fan,1,http://arxiv.org/abs/1904.07601v3,cs.AI;cs.CG;cs.CV;cs.GR;cs.RO,"relation-shape convolutional neural network for point cloud analysis. point cloud analysis is very challenging, as the shape implied in irregular points is difficult to capture. in this paper, we propose rs-cnn, namely, relation-shape convolutional neural network, which extends regular grid cnn to irregular configuration for point cloud analysis. the key to rs-cnn is learning from relation, i.e., the geometric topology constraint among points. specifically, the convolutional weight for local point set is forced to learn a high-level relation expression from predefined geometric priors, between a sampled point from this point set and the others. in this way, an inductive local representation with explicit reasoning about the spatial layout of points can be obtained, which leads to much shape awareness and robustness. with this convolution as a basic operator, rs-cnn, a hierarchical architecture can be developed to achieve contextual shape-aware learning for point cloud analysis. extensive experiments on challenging benchmarks across three tasks verify rs-cnn achieves the state of the arts."
Shiming Xiang,Shiming Xiang,1,http://arxiv.org/abs/1904.07601v3,cs.AI;cs.CG;cs.CV;cs.GR;cs.RO,"relation-shape convolutional neural network for point cloud analysis. point cloud analysis is very challenging, as the shape implied in irregular points is difficult to capture. in this paper, we propose rs-cnn, namely, relation-shape convolutional neural network, which extends regular grid cnn to irregular configuration for point cloud analysis. the key to rs-cnn is learning from relation, i.e., the geometric topology constraint among points. specifically, the convolutional weight for local point set is forced to learn a high-level relation expression from predefined geometric priors, between a sampled point from this point set and the others. in this way, an inductive local representation with explicit reasoning about the spatial layout of points can be obtained, which leads to much shape awareness and robustness. with this convolution as a basic operator, rs-cnn, a hierarchical architecture can be developed to achieve contextual shape-aware learning for point cloud analysis. extensive experiments on challenging benchmarks across three tasks verify rs-cnn achieves the state of the arts."
Chunhong Pan,Chunhong Pan,1,http://arxiv.org/abs/1904.07601v3,cs.AI;cs.CG;cs.CV;cs.GR;cs.RO,"relation-shape convolutional neural network for point cloud analysis. point cloud analysis is very challenging, as the shape implied in irregular points is difficult to capture. in this paper, we propose rs-cnn, namely, relation-shape convolutional neural network, which extends regular grid cnn to irregular configuration for point cloud analysis. the key to rs-cnn is learning from relation, i.e., the geometric topology constraint among points. specifically, the convolutional weight for local point set is forced to learn a high-level relation expression from predefined geometric priors, between a sampled point from this point set and the others. in this way, an inductive local representation with explicit reasoning about the spatial layout of points can be obtained, which leads to much shape awareness and robustness. with this convolution as a basic operator, rs-cnn, a hierarchical architecture can be developed to achieve contextual shape-aware learning for point cloud analysis. extensive experiments on challenging benchmarks across three tasks verify rs-cnn achieves the state of the arts."
Liu Yang,Liu Yang,1,http://arxiv.org/abs/1904.08109v1,cs.AI;cs.CL,"contextual aware joint probability model towards question answering system. in this paper, we address the question answering challenge with the squad 2.0 dataset. we design a model architecture which leverages bert's capability of context-aware word embeddings and bidaf's context interactive exploration mechanism. by integrating these two state-of-the-art architectures, our system tries to extract the contextual word representation at word and character levels, for better comprehension of both question and context and their correlations. we also propose our original joint posterior probability predictor module and its associated loss functions. our best model so far obtains f1 score of 75.842% and em score of 72.24% on the test pce leaderboad."
Lijing Song,Lijing Song,1,http://arxiv.org/abs/1904.08109v1,cs.AI;cs.CL,"contextual aware joint probability model towards question answering system. in this paper, we address the question answering challenge with the squad 2.0 dataset. we design a model architecture which leverages bert's capability of context-aware word embeddings and bidaf's context interactive exploration mechanism. by integrating these two state-of-the-art architectures, our system tries to extract the contextual word representation at word and character levels, for better comprehension of both question and context and their correlations. we also propose our original joint posterior probability predictor module and its associated loss functions. our best model so far obtains f1 score of 75.842% and em score of 72.24% on the test pce leaderboad."
Ozan Çatal,Ozan Çatal,1,http://arxiv.org/abs/1904.08149v2,cs.AI;cs.LG;cs.NE,"bayesian policy selection using active inference. learning to take actions based on observations is a core requirement for artificial agents to be able to be successful and robust at their task. reinforcement learning (rl) is a well-known technique for learning such policies. however, current rl algorithms often have to deal with reward shaping, have difficulties generalizing to other environments and are most often sample inefficient. in this paper, we explore active inference and the free energy principle, a normative theory from neuroscience that explains how self-organizing biological systems operate by maintaining a model of the world and casting action selection as an inference problem. we apply this concept to a typical problem known to the rl community, the mountain car problem, and show how active inference encompasses both rl and learning from demonstrations."
Johannes Nauta,Johannes Nauta,1,http://arxiv.org/abs/1904.08149v2,cs.AI;cs.LG;cs.NE,"bayesian policy selection using active inference. learning to take actions based on observations is a core requirement for artificial agents to be able to be successful and robust at their task. reinforcement learning (rl) is a well-known technique for learning such policies. however, current rl algorithms often have to deal with reward shaping, have difficulties generalizing to other environments and are most often sample inefficient. in this paper, we explore active inference and the free energy principle, a normative theory from neuroscience that explains how self-organizing biological systems operate by maintaining a model of the world and casting action selection as an inference problem. we apply this concept to a typical problem known to the rl community, the mountain car problem, and show how active inference encompasses both rl and learning from demonstrations."
Tim Verbelen,Tim Verbelen,1,http://arxiv.org/abs/1904.08149v2,cs.AI;cs.LG;cs.NE,"bayesian policy selection using active inference. learning to take actions based on observations is a core requirement for artificial agents to be able to be successful and robust at their task. reinforcement learning (rl) is a well-known technique for learning such policies. however, current rl algorithms often have to deal with reward shaping, have difficulties generalizing to other environments and are most often sample inefficient. in this paper, we explore active inference and the free energy principle, a normative theory from neuroscience that explains how self-organizing biological systems operate by maintaining a model of the world and casting action selection as an inference problem. we apply this concept to a typical problem known to the rl community, the mountain car problem, and show how active inference encompasses both rl and learning from demonstrations."
Pieter Simoens,Pieter Simoens,1,http://arxiv.org/abs/1904.08149v2,cs.AI;cs.LG;cs.NE,"bayesian policy selection using active inference. learning to take actions based on observations is a core requirement for artificial agents to be able to be successful and robust at their task. reinforcement learning (rl) is a well-known technique for learning such policies. however, current rl algorithms often have to deal with reward shaping, have difficulties generalizing to other environments and are most often sample inefficient. in this paper, we explore active inference and the free energy principle, a normative theory from neuroscience that explains how self-organizing biological systems operate by maintaining a model of the world and casting action selection as an inference problem. we apply this concept to a typical problem known to the rl community, the mountain car problem, and show how active inference encompasses both rl and learning from demonstrations."
Bart Dhoedt,Bart Dhoedt,1,http://arxiv.org/abs/1904.08149v2,cs.AI;cs.LG;cs.NE,"bayesian policy selection using active inference. learning to take actions based on observations is a core requirement for artificial agents to be able to be successful and robust at their task. reinforcement learning (rl) is a well-known technique for learning such policies. however, current rl algorithms often have to deal with reward shaping, have difficulties generalizing to other environments and are most often sample inefficient. in this paper, we explore active inference and the free energy principle, a normative theory from neuroscience that explains how self-organizing biological systems operate by maintaining a model of the world and casting action selection as an inference problem. we apply this concept to a typical problem known to the rl community, the mountain car problem, and show how active inference encompasses both rl and learning from demonstrations."
Jia Li,Jia Li,1,http://arxiv.org/abs/1904.08177v1,cs.AI;cs.CV,"downhole track detection via multiscale conditional generative adversarial nets. frequent mine disasters cause a large number of casualties and property losses. autonomous driving is a fundamental measure for solving this problem, and track detection is one of the key technologies for computer vision to achieve downhole automatic driving. the track detection result based on the traditional convolutional neural network (cnn) algorithm lacks the detailed and unique description of the object and relies too much on visual postprocessing technology. therefore, this paper proposes a track detection algorithm based on a multiscale conditional generative adversarial network (cgan). the generator is decomposed into global and local parts using a multigranularity structure in the generator network. a multiscale shared convolution structure is adopted in the discriminator network to further supervise training the generator. finally, the monte carlo search technique is introduced to search the intermediate state of the generator, and the result is sent to the discriminator for comparison. compared with the existing work, our model achieved 82.43\% pixel accuracy and an average intersection-over-union (iou) of 0.6218, and the detection of the track reached 95.01\% accuracy in the downhole roadway scene test set."
Xing Wei,Xing Wei,1,http://arxiv.org/abs/1904.08177v1,cs.AI;cs.CV,"downhole track detection via multiscale conditional generative adversarial nets. frequent mine disasters cause a large number of casualties and property losses. autonomous driving is a fundamental measure for solving this problem, and track detection is one of the key technologies for computer vision to achieve downhole automatic driving. the track detection result based on the traditional convolutional neural network (cnn) algorithm lacks the detailed and unique description of the object and relies too much on visual postprocessing technology. therefore, this paper proposes a track detection algorithm based on a multiscale conditional generative adversarial network (cgan). the generator is decomposed into global and local parts using a multigranularity structure in the generator network. a multiscale shared convolution structure is adopted in the discriminator network to further supervise training the generator. finally, the monte carlo search technique is introduced to search the intermediate state of the generator, and the result is sent to the discriminator for comparison. compared with the existing work, our model achieved 82.43\% pixel accuracy and an average intersection-over-union (iou) of 0.6218, and the detection of the track reached 95.01\% accuracy in the downhole roadway scene test set."
Guoqiang Yang,Guoqiang Yang,1,http://arxiv.org/abs/1904.08177v1,cs.AI;cs.CV,"downhole track detection via multiscale conditional generative adversarial nets. frequent mine disasters cause a large number of casualties and property losses. autonomous driving is a fundamental measure for solving this problem, and track detection is one of the key technologies for computer vision to achieve downhole automatic driving. the track detection result based on the traditional convolutional neural network (cnn) algorithm lacks the detailed and unique description of the object and relies too much on visual postprocessing technology. therefore, this paper proposes a track detection algorithm based on a multiscale conditional generative adversarial network (cgan). the generator is decomposed into global and local parts using a multigranularity structure in the generator network. a multiscale shared convolution structure is adopted in the discriminator network to further supervise training the generator. finally, the monte carlo search technique is introduced to search the intermediate state of the generator, and the result is sent to the discriminator for comparison. compared with the existing work, our model achieved 82.43\% pixel accuracy and an average intersection-over-union (iou) of 0.6218, and the detection of the track reached 95.01\% accuracy in the downhole roadway scene test set."
Xiao Sun,Xiao Sun,1,http://arxiv.org/abs/1904.08177v1,cs.AI;cs.CV,"downhole track detection via multiscale conditional generative adversarial nets. frequent mine disasters cause a large number of casualties and property losses. autonomous driving is a fundamental measure for solving this problem, and track detection is one of the key technologies for computer vision to achieve downhole automatic driving. the track detection result based on the traditional convolutional neural network (cnn) algorithm lacks the detailed and unique description of the object and relies too much on visual postprocessing technology. therefore, this paper proposes a track detection algorithm based on a multiscale conditional generative adversarial network (cgan). the generator is decomposed into global and local parts using a multigranularity structure in the generator network. a multiscale shared convolution structure is adopted in the discriminator network to further supervise training the generator. finally, the monte carlo search technique is introduced to search the intermediate state of the generator, and the result is sent to the discriminator for comparison. compared with the existing work, our model achieved 82.43\% pixel accuracy and an average intersection-over-union (iou) of 0.6218, and the detection of the track reached 95.01\% accuracy in the downhole roadway scene test set."
Changliang Li,Changliang Li,1,http://arxiv.org/abs/1904.08177v1,cs.AI;cs.CV,"downhole track detection via multiscale conditional generative adversarial nets. frequent mine disasters cause a large number of casualties and property losses. autonomous driving is a fundamental measure for solving this problem, and track detection is one of the key technologies for computer vision to achieve downhole automatic driving. the track detection result based on the traditional convolutional neural network (cnn) algorithm lacks the detailed and unique description of the object and relies too much on visual postprocessing technology. therefore, this paper proposes a track detection algorithm based on a multiscale conditional generative adversarial network (cgan). the generator is decomposed into global and local parts using a multigranularity structure in the generator network. a multiscale shared convolution structure is adopted in the discriminator network to further supervise training the generator. finally, the monte carlo search technique is introduced to search the intermediate state of the generator, and the result is sent to the discriminator for comparison. compared with the existing work, our model achieved 82.43\% pixel accuracy and an average intersection-over-union (iou) of 0.6218, and the detection of the track reached 95.01\% accuracy in the downhole roadway scene test set."
Jonathan Grizou,Jonathan Grizou,1,http://arxiv.org/abs/1904.12635v1,cond-mat.soft;cs.AI;cs.RO,"exploration of self-propelling droplets using a curiosity driven robotic assistant. we describe a chemical robotic assistant equipped with a curiosity algorithm (ca) that can efficiently explore the state a complex chemical system can exhibit. the ca-robot is designed to explore formulations in an open-ended way with no explicit optimization target. by applying the ca-robot to the study of self-propelling multicomponent oil-in-water droplets, we are able to observe an order of magnitude more variety of droplet behaviours than possible with a random parameter search and given the same budget. we demonstrate that the ca-robot enabled the discovery of a sudden and highly specific response of droplets to slight temperature changes. six modes of self-propelled droplets motion were identified and classified using a time-temperature phase diagram and probed using a variety of techniques including nmr. this work illustrates how target free search can significantly increase the rate of unpredictable observations leading to new discoveries with potential applications in formulation chemistry."
Laurie J. Points,Laurie J. Points,1,http://arxiv.org/abs/1904.12635v1,cond-mat.soft;cs.AI;cs.RO,"exploration of self-propelling droplets using a curiosity driven robotic assistant. we describe a chemical robotic assistant equipped with a curiosity algorithm (ca) that can efficiently explore the state a complex chemical system can exhibit. the ca-robot is designed to explore formulations in an open-ended way with no explicit optimization target. by applying the ca-robot to the study of self-propelling multicomponent oil-in-water droplets, we are able to observe an order of magnitude more variety of droplet behaviours than possible with a random parameter search and given the same budget. we demonstrate that the ca-robot enabled the discovery of a sudden and highly specific response of droplets to slight temperature changes. six modes of self-propelled droplets motion were identified and classified using a time-temperature phase diagram and probed using a variety of techniques including nmr. this work illustrates how target free search can significantly increase the rate of unpredictable observations leading to new discoveries with potential applications in formulation chemistry."
Abhishek Sharma,Abhishek Sharma,1,http://arxiv.org/abs/1904.12635v1,cond-mat.soft;cs.AI;cs.RO,"exploration of self-propelling droplets using a curiosity driven robotic assistant. we describe a chemical robotic assistant equipped with a curiosity algorithm (ca) that can efficiently explore the state a complex chemical system can exhibit. the ca-robot is designed to explore formulations in an open-ended way with no explicit optimization target. by applying the ca-robot to the study of self-propelling multicomponent oil-in-water droplets, we are able to observe an order of magnitude more variety of droplet behaviours than possible with a random parameter search and given the same budget. we demonstrate that the ca-robot enabled the discovery of a sudden and highly specific response of droplets to slight temperature changes. six modes of self-propelled droplets motion were identified and classified using a time-temperature phase diagram and probed using a variety of techniques including nmr. this work illustrates how target free search can significantly increase the rate of unpredictable observations leading to new discoveries with potential applications in formulation chemistry."
Leroy Cronin,Leroy Cronin,1,http://arxiv.org/abs/1904.12635v1,cond-mat.soft;cs.AI;cs.RO,"exploration of self-propelling droplets using a curiosity driven robotic assistant. we describe a chemical robotic assistant equipped with a curiosity algorithm (ca) that can efficiently explore the state a complex chemical system can exhibit. the ca-robot is designed to explore formulations in an open-ended way with no explicit optimization target. by applying the ca-robot to the study of self-propelling multicomponent oil-in-water droplets, we are able to observe an order of magnitude more variety of droplet behaviours than possible with a random parameter search and given the same budget. we demonstrate that the ca-robot enabled the discovery of a sudden and highly specific response of droplets to slight temperature changes. six modes of self-propelled droplets motion were identified and classified using a time-temperature phase diagram and probed using a variety of techniques including nmr. this work illustrates how target free search can significantly increase the rate of unpredictable observations leading to new discoveries with potential applications in formulation chemistry."
Qizhe Xie,Qizhe Xie,1,http://arxiv.org/abs/1904.12848v6,cs.AI;cs.CL;cs.CV;cs.LG;stat.ML,"unsupervised data augmentation for consistency training. semi-supervised learning lately has shown much promise in improving deep learning models when labeled data is scarce. common among recent approaches is the use of consistency training on a large amount of unlabeled data to constrain model predictions to be invariant to input noise. in this work, we present a new perspective on how to effectively noise unlabeled examples and argue that the quality of noising, specifically those produced by advanced data augmentation methods, plays a crucial role in semi-supervised learning. by substituting simple noising operations with advanced data augmentation methods such as randaugment and back-translation, our method brings substantial improvements across six language and three vision tasks under the same consistency training framework. on the imdb text classification dataset, with only 20 labeled examples, our method achieves an error rate of 4.20, outperforming the state-of-the-art model trained on 25,000 labeled examples. on a standard semi-supervised learning benchmark, cifar-10, our method outperforms all previous approaches and achieves an error rate of 5.43 with only 250 examples. our method also combines well with transfer learning, e.g., when finetuning from bert, and yields improvements in high-data regime, such as imagenet, whether when there is only 10% labeled data or when a full labeled set with 1.3m extra unlabeled examples is used. code is available at https://github.com/google-research/uda."
Zihang Dai,Zihang Dai,1,http://arxiv.org/abs/1904.12848v6,cs.AI;cs.CL;cs.CV;cs.LG;stat.ML,"unsupervised data augmentation for consistency training. semi-supervised learning lately has shown much promise in improving deep learning models when labeled data is scarce. common among recent approaches is the use of consistency training on a large amount of unlabeled data to constrain model predictions to be invariant to input noise. in this work, we present a new perspective on how to effectively noise unlabeled examples and argue that the quality of noising, specifically those produced by advanced data augmentation methods, plays a crucial role in semi-supervised learning. by substituting simple noising operations with advanced data augmentation methods such as randaugment and back-translation, our method brings substantial improvements across six language and three vision tasks under the same consistency training framework. on the imdb text classification dataset, with only 20 labeled examples, our method achieves an error rate of 4.20, outperforming the state-of-the-art model trained on 25,000 labeled examples. on a standard semi-supervised learning benchmark, cifar-10, our method outperforms all previous approaches and achieves an error rate of 5.43 with only 250 examples. our method also combines well with transfer learning, e.g., when finetuning from bert, and yields improvements in high-data regime, such as imagenet, whether when there is only 10% labeled data or when a full labeled set with 1.3m extra unlabeled examples is used. code is available at https://github.com/google-research/uda."
Eduard Hovy,Eduard Hovy,1,http://arxiv.org/abs/1904.12848v6,cs.AI;cs.CL;cs.CV;cs.LG;stat.ML,"unsupervised data augmentation for consistency training. semi-supervised learning lately has shown much promise in improving deep learning models when labeled data is scarce. common among recent approaches is the use of consistency training on a large amount of unlabeled data to constrain model predictions to be invariant to input noise. in this work, we present a new perspective on how to effectively noise unlabeled examples and argue that the quality of noising, specifically those produced by advanced data augmentation methods, plays a crucial role in semi-supervised learning. by substituting simple noising operations with advanced data augmentation methods such as randaugment and back-translation, our method brings substantial improvements across six language and three vision tasks under the same consistency training framework. on the imdb text classification dataset, with only 20 labeled examples, our method achieves an error rate of 4.20, outperforming the state-of-the-art model trained on 25,000 labeled examples. on a standard semi-supervised learning benchmark, cifar-10, our method outperforms all previous approaches and achieves an error rate of 5.43 with only 250 examples. our method also combines well with transfer learning, e.g., when finetuning from bert, and yields improvements in high-data regime, such as imagenet, whether when there is only 10% labeled data or when a full labeled set with 1.3m extra unlabeled examples is used. code is available at https://github.com/google-research/uda."
Minh-Thang Luong,Minh-Thang Luong,1,http://arxiv.org/abs/1904.12848v6,cs.AI;cs.CL;cs.CV;cs.LG;stat.ML,"unsupervised data augmentation for consistency training. semi-supervised learning lately has shown much promise in improving deep learning models when labeled data is scarce. common among recent approaches is the use of consistency training on a large amount of unlabeled data to constrain model predictions to be invariant to input noise. in this work, we present a new perspective on how to effectively noise unlabeled examples and argue that the quality of noising, specifically those produced by advanced data augmentation methods, plays a crucial role in semi-supervised learning. by substituting simple noising operations with advanced data augmentation methods such as randaugment and back-translation, our method brings substantial improvements across six language and three vision tasks under the same consistency training framework. on the imdb text classification dataset, with only 20 labeled examples, our method achieves an error rate of 4.20, outperforming the state-of-the-art model trained on 25,000 labeled examples. on a standard semi-supervised learning benchmark, cifar-10, our method outperforms all previous approaches and achieves an error rate of 5.43 with only 250 examples. our method also combines well with transfer learning, e.g., when finetuning from bert, and yields improvements in high-data regime, such as imagenet, whether when there is only 10% labeled data or when a full labeled set with 1.3m extra unlabeled examples is used. code is available at https://github.com/google-research/uda."
Quoc V. Le,Quoc V. Le,1,http://arxiv.org/abs/1904.12848v6,cs.AI;cs.CL;cs.CV;cs.LG;stat.ML,"unsupervised data augmentation for consistency training. semi-supervised learning lately has shown much promise in improving deep learning models when labeled data is scarce. common among recent approaches is the use of consistency training on a large amount of unlabeled data to constrain model predictions to be invariant to input noise. in this work, we present a new perspective on how to effectively noise unlabeled examples and argue that the quality of noising, specifically those produced by advanced data augmentation methods, plays a crucial role in semi-supervised learning. by substituting simple noising operations with advanced data augmentation methods such as randaugment and back-translation, our method brings substantial improvements across six language and three vision tasks under the same consistency training framework. on the imdb text classification dataset, with only 20 labeled examples, our method achieves an error rate of 4.20, outperforming the state-of-the-art model trained on 25,000 labeled examples. on a standard semi-supervised learning benchmark, cifar-10, our method outperforms all previous approaches and achieves an error rate of 5.43 with only 250 examples. our method also combines well with transfer learning, e.g., when finetuning from bert, and yields improvements in high-data regime, such as imagenet, whether when there is only 10% labeled data or when a full labeled set with 1.3m extra unlabeled examples is used. code is available at https://github.com/google-research/uda."
Gabriel Dulac-Arnold,Gabriel Dulac-Arnold,1,http://arxiv.org/abs/1904.12901v1,cs.AI;cs.LG;cs.RO;stat.ML,"challenges of real-world reinforcement learning. reinforcement learning (rl) has proven its worth in a series of artificial domains, and is beginning to show some successes in real-world scenarios. however, much of the research advances in rl are often hard to leverage in real-world systems due to a series of assumptions that are rarely satisfied in practice. we present a set of nine unique challenges that must be addressed to productionize rl to real world problems. for each of these challenges, we specify the exact meaning of the challenge, present some approaches from the literature, and specify some metrics for evaluating that challenge. an approach that addresses all nine challenges would be applicable to a large number of real world problems. we also present an example domain that has been modified to present these challenges as a testbed for practical rl research."
Daniel Mankowitz,Daniel Mankowitz,1,http://arxiv.org/abs/1904.12901v1,cs.AI;cs.LG;cs.RO;stat.ML,"challenges of real-world reinforcement learning. reinforcement learning (rl) has proven its worth in a series of artificial domains, and is beginning to show some successes in real-world scenarios. however, much of the research advances in rl are often hard to leverage in real-world systems due to a series of assumptions that are rarely satisfied in practice. we present a set of nine unique challenges that must be addressed to productionize rl to real world problems. for each of these challenges, we specify the exact meaning of the challenge, present some approaches from the literature, and specify some metrics for evaluating that challenge. an approach that addresses all nine challenges would be applicable to a large number of real world problems. we also present an example domain that has been modified to present these challenges as a testbed for practical rl research."
Todd Hester,Todd Hester,1,http://arxiv.org/abs/1904.12901v1,cs.AI;cs.LG;cs.RO;stat.ML,"challenges of real-world reinforcement learning. reinforcement learning (rl) has proven its worth in a series of artificial domains, and is beginning to show some successes in real-world scenarios. however, much of the research advances in rl are often hard to leverage in real-world systems due to a series of assumptions that are rarely satisfied in practice. we present a set of nine unique challenges that must be addressed to productionize rl to real world problems. for each of these challenges, we specify the exact meaning of the challenge, present some approaches from the literature, and specify some metrics for evaluating that challenge. an approach that addresses all nine challenges would be applicable to a large number of real world problems. we also present an example domain that has been modified to present these challenges as a testbed for practical rl research."
Gerard Serra,Gerard Serra,1,http://arxiv.org/abs/1904.13333v1,cs.AI;cs.HC;cs.NE,"coevo: a collaborative design platform with artificial agents. we present coevo, an online platform that allows both humans and artificial agents to design shapes that solve different tasks. our goal is to explore common shared design tools that can be used by humans and artificial agents in a context of creation. this approach can provide a better knowledge transfer and interaction with artificial agents since a common language of design is defined. in this paper, we outline the main components of this platform and discuss the definition of a human-centered language to enhance human-ai collaboration in co-creation scenarios."
David Miralles,David Miralles,1,http://arxiv.org/abs/1904.13333v1,cs.AI;cs.HC;cs.NE,"coevo: a collaborative design platform with artificial agents. we present coevo, an online platform that allows both humans and artificial agents to design shapes that solve different tasks. our goal is to explore common shared design tools that can be used by humans and artificial agents in a context of creation. this approach can provide a better knowledge transfer and interaction with artificial agents since a common language of design is defined. in this paper, we outline the main components of this platform and discuss the definition of a human-centered language to enhance human-ai collaboration in co-creation scenarios."
Jichao Zhang,Jichao Zhang,1,http://arxiv.org/abs/1906.00805v1,cs.AI;cs.CV,"gazecorrection:self-guided eye manipulation in the wild using self-supervised generative adversarial networks. gaze correction aims to redirect the person's gaze into the camera by manipulating the eye region, and it can be considered as a specific image resynthesis problem. gaze correction has a wide range of applications in real life, such as taking a picture with staring at the camera. in this paper, we propose a novel method that is based on the inpainting model to learn from the face image to fill in the missing eye regions with new contents representing corrected eye gaze. moreover, our model does not require the training dataset labeled with the specific head pose and eye angle information, thus, the training data is easy to collect. to retain the identity information of the eye region in the original input, we propose a self-guided pretrained model to learn the angle-invariance feature. experiments show our model achieves very compelling gaze-corrected results in the wild dataset which is collected from the website and will be introduced in details. code is available at https://github.com/zhangqianhui/gazecorrection."
Meng Sun,Meng Sun,1,http://arxiv.org/abs/1906.00805v1,cs.AI;cs.CV,"gazecorrection:self-guided eye manipulation in the wild using self-supervised generative adversarial networks. gaze correction aims to redirect the person's gaze into the camera by manipulating the eye region, and it can be considered as a specific image resynthesis problem. gaze correction has a wide range of applications in real life, such as taking a picture with staring at the camera. in this paper, we propose a novel method that is based on the inpainting model to learn from the face image to fill in the missing eye regions with new contents representing corrected eye gaze. moreover, our model does not require the training dataset labeled with the specific head pose and eye angle information, thus, the training data is easy to collect. to retain the identity information of the eye region in the original input, we propose a self-guided pretrained model to learn the angle-invariance feature. experiments show our model achieves very compelling gaze-corrected results in the wild dataset which is collected from the website and will be introduced in details. code is available at https://github.com/zhangqianhui/gazecorrection."
Jingjing Chen,Jingjing Chen,1,http://arxiv.org/abs/1906.00805v1,cs.AI;cs.CV,"gazecorrection:self-guided eye manipulation in the wild using self-supervised generative adversarial networks. gaze correction aims to redirect the person's gaze into the camera by manipulating the eye region, and it can be considered as a specific image resynthesis problem. gaze correction has a wide range of applications in real life, such as taking a picture with staring at the camera. in this paper, we propose a novel method that is based on the inpainting model to learn from the face image to fill in the missing eye regions with new contents representing corrected eye gaze. moreover, our model does not require the training dataset labeled with the specific head pose and eye angle information, thus, the training data is easy to collect. to retain the identity information of the eye region in the original input, we propose a self-guided pretrained model to learn the angle-invariance feature. experiments show our model achieves very compelling gaze-corrected results in the wild dataset which is collected from the website and will be introduced in details. code is available at https://github.com/zhangqianhui/gazecorrection."
Hao Tang,Hao Tang,1,http://arxiv.org/abs/1906.00805v1,cs.AI;cs.CV,"gazecorrection:self-guided eye manipulation in the wild using self-supervised generative adversarial networks. gaze correction aims to redirect the person's gaze into the camera by manipulating the eye region, and it can be considered as a specific image resynthesis problem. gaze correction has a wide range of applications in real life, such as taking a picture with staring at the camera. in this paper, we propose a novel method that is based on the inpainting model to learn from the face image to fill in the missing eye regions with new contents representing corrected eye gaze. moreover, our model does not require the training dataset labeled with the specific head pose and eye angle information, thus, the training data is easy to collect. to retain the identity information of the eye region in the original input, we propose a self-guided pretrained model to learn the angle-invariance feature. experiments show our model achieves very compelling gaze-corrected results in the wild dataset which is collected from the website and will be introduced in details. code is available at https://github.com/zhangqianhui/gazecorrection."
Yan Yan,Yan Yan,1,http://arxiv.org/abs/1906.00805v1,cs.AI;cs.CV,"gazecorrection:self-guided eye manipulation in the wild using self-supervised generative adversarial networks. gaze correction aims to redirect the person's gaze into the camera by manipulating the eye region, and it can be considered as a specific image resynthesis problem. gaze correction has a wide range of applications in real life, such as taking a picture with staring at the camera. in this paper, we propose a novel method that is based on the inpainting model to learn from the face image to fill in the missing eye regions with new contents representing corrected eye gaze. moreover, our model does not require the training dataset labeled with the specific head pose and eye angle information, thus, the training data is easy to collect. to retain the identity information of the eye region in the original input, we propose a self-guided pretrained model to learn the angle-invariance feature. experiments show our model achieves very compelling gaze-corrected results in the wild dataset which is collected from the website and will be introduced in details. code is available at https://github.com/zhangqianhui/gazecorrection."
Xueying Qin,Xueying Qin,1,http://arxiv.org/abs/1906.00805v1,cs.AI;cs.CV,"gazecorrection:self-guided eye manipulation in the wild using self-supervised generative adversarial networks. gaze correction aims to redirect the person's gaze into the camera by manipulating the eye region, and it can be considered as a specific image resynthesis problem. gaze correction has a wide range of applications in real life, such as taking a picture with staring at the camera. in this paper, we propose a novel method that is based on the inpainting model to learn from the face image to fill in the missing eye regions with new contents representing corrected eye gaze. moreover, our model does not require the training dataset labeled with the specific head pose and eye angle information, thus, the training data is easy to collect. to retain the identity information of the eye region in the original input, we propose a self-guided pretrained model to learn the angle-invariance feature. experiments show our model achieves very compelling gaze-corrected results in the wild dataset which is collected from the website and will be introduced in details. code is available at https://github.com/zhangqianhui/gazecorrection."
Nicu Sebe,Nicu Sebe,1,http://arxiv.org/abs/1906.00805v1,cs.AI;cs.CV,"gazecorrection:self-guided eye manipulation in the wild using self-supervised generative adversarial networks. gaze correction aims to redirect the person's gaze into the camera by manipulating the eye region, and it can be considered as a specific image resynthesis problem. gaze correction has a wide range of applications in real life, such as taking a picture with staring at the camera. in this paper, we propose a novel method that is based on the inpainting model to learn from the face image to fill in the missing eye regions with new contents representing corrected eye gaze. moreover, our model does not require the training dataset labeled with the specific head pose and eye angle information, thus, the training data is easy to collect. to retain the identity information of the eye region in the original input, we propose a self-guided pretrained model to learn the angle-invariance feature. experiments show our model achieves very compelling gaze-corrected results in the wild dataset which is collected from the website and will be introduced in details. code is available at https://github.com/zhangqianhui/gazecorrection."
Shizhe Chen,Shizhe Chen,1,http://arxiv.org/abs/1906.00872v1,cs.AI;cs.CL;cs.CV,"from words to sentences: a progressive learning approach for zero-resource machine translation with visual pivots. the neural machine translation model has suffered from the lack of large-scale parallel corpora. in contrast, we humans can learn multi-lingual translations even without parallel texts by referring our languages to the external world. to mimic such human learning behavior, we employ images as pivots to enable zero-resource translation learning. however, a picture tells a thousand words, which makes multi-lingual sentences pivoted by the same image noisy as mutual translations and thus hinders the translation model learning. in this work, we propose a progressive learning approach for image-pivoted zero-resource machine translation. since words are less diverse when grounded in the image, we first learn word-level translation with image pivots, and then progress to learn the sentence-level translation by utilizing the learned word translation to suppress noises in image-pivoted multi-lingual sentences. experimental results on two widely used image-pivot translation datasets, iapr-tc12 and multi30k, show that the proposed approach significantly outperforms other state-of-the-art methods."
Qin Jin,Qin Jin,1,http://arxiv.org/abs/1906.00872v1,cs.AI;cs.CL;cs.CV,"from words to sentences: a progressive learning approach for zero-resource machine translation with visual pivots. the neural machine translation model has suffered from the lack of large-scale parallel corpora. in contrast, we humans can learn multi-lingual translations even without parallel texts by referring our languages to the external world. to mimic such human learning behavior, we employ images as pivots to enable zero-resource translation learning. however, a picture tells a thousand words, which makes multi-lingual sentences pivoted by the same image noisy as mutual translations and thus hinders the translation model learning. in this work, we propose a progressive learning approach for image-pivoted zero-resource machine translation. since words are less diverse when grounded in the image, we first learn word-level translation with image pivots, and then progress to learn the sentence-level translation by utilizing the learned word translation to suppress noises in image-pivoted multi-lingual sentences. experimental results on two widely used image-pivot translation datasets, iapr-tc12 and multi30k, show that the proposed approach significantly outperforms other state-of-the-art methods."
Jianlong Fu,Jianlong Fu,1,http://arxiv.org/abs/1906.00872v1,cs.AI;cs.CL;cs.CV,"from words to sentences: a progressive learning approach for zero-resource machine translation with visual pivots. the neural machine translation model has suffered from the lack of large-scale parallel corpora. in contrast, we humans can learn multi-lingual translations even without parallel texts by referring our languages to the external world. to mimic such human learning behavior, we employ images as pivots to enable zero-resource translation learning. however, a picture tells a thousand words, which makes multi-lingual sentences pivoted by the same image noisy as mutual translations and thus hinders the translation model learning. in this work, we propose a progressive learning approach for image-pivoted zero-resource machine translation. since words are less diverse when grounded in the image, we first learn word-level translation with image pivots, and then progress to learn the sentence-level translation by utilizing the learned word translation to suppress noises in image-pivoted multi-lingual sentences. experimental results on two widely used image-pivot translation datasets, iapr-tc12 and multi30k, show that the proposed approach significantly outperforms other state-of-the-art methods."
Guruprasad Raghavan,Guruprasad Raghavan,1,http://arxiv.org/abs/1906.01039v1,cs.AI;cs.NE;nlin.AO;q-bio.NC,"neural networks grown and self-organized by noise. living neural networks emerge through a process of growth and self-organization that begins with a single cell and results in a brain, an organized and functional computational device. artificial neural networks, however, rely on human-designed, hand-programmed architectures for their remarkable performance. can we develop artificial computational devices that can grow and self-organize without human intervention? in this paper, we propose a biologically inspired developmental algorithm that can 'grow' a functional, layered neural network from a single initial cell. the algorithm organizes inter-layer connections to construct a convolutional pooling layer, a key constituent of convolutional neural networks (cnn's). our approach is inspired by the mechanisms employed by the early visual system to wire the retina to the lateral geniculate nucleus (lgn), days before animals open their eyes. the key ingredients for robust self-organization are an emergent spontaneous spatiotemporal activity wave in the first layer and a local learning rule in the second layer that 'learns' the underlying activity pattern in the first layer. the algorithm is adaptable to a wide-range of input-layer geometries, robust to malfunctioning units in the first layer, and so can be used to successfully grow and self-organize pooling architectures of different pool-sizes and shapes. the algorithm provides a primitive procedure for constructing layered neural networks through growth and self-organization. broadly, our work shows that biologically inspired developmental algorithms can be applied to autonomously grow functional 'brains' in-silico."
Matt Thomson,Matt Thomson,1,http://arxiv.org/abs/1906.01039v1,cs.AI;cs.NE;nlin.AO;q-bio.NC,"neural networks grown and self-organized by noise. living neural networks emerge through a process of growth and self-organization that begins with a single cell and results in a brain, an organized and functional computational device. artificial neural networks, however, rely on human-designed, hand-programmed architectures for their remarkable performance. can we develop artificial computational devices that can grow and self-organize without human intervention? in this paper, we propose a biologically inspired developmental algorithm that can 'grow' a functional, layered neural network from a single initial cell. the algorithm organizes inter-layer connections to construct a convolutional pooling layer, a key constituent of convolutional neural networks (cnn's). our approach is inspired by the mechanisms employed by the early visual system to wire the retina to the lateral geniculate nucleus (lgn), days before animals open their eyes. the key ingredients for robust self-organization are an emergent spontaneous spatiotemporal activity wave in the first layer and a local learning rule in the second layer that 'learns' the underlying activity pattern in the first layer. the algorithm is adaptable to a wide-range of input-layer geometries, robust to malfunctioning units in the first layer, and so can be used to successfully grow and self-organize pooling architectures of different pool-sizes and shapes. the algorithm provides a primitive procedure for constructing layered neural networks through growth and self-organization. broadly, our work shows that biologically inspired developmental algorithms can be applied to autonomously grow functional 'brains' in-silico."
Vahid Behzadan,Vahid Behzadan,3,http://arxiv.org/abs/1906.01119v1;http://arxiv.org/abs/1906.01121v1;http://arxiv.org/abs/1906.01126v1,cs.AI;cs.CR;cs.LG;stat.ML,"analysis and improvement of adversarial training in dqn agents with adversarially-guided exploration (age). this paper investigates the effectiveness of adversarial training in enhancing the robustness of deep q-network (dqn) policies to state-space perturbations. we first present a formal analysis of adversarial training in dqn agents and its performance with respect to the proportion of adversarial perturbations to nominal observations used for training. next, we consider the sample-inefficiency of current adversarial training techniques, and propose a novel adversarially-guided exploration (age) mechanism based on a modified hybrid of the ε -greedy algorithm and boltzmann exploration. we verify the feasibility of this exploration mechanism through experimental evaluation of its performance in comparison with the traditional decaying ε -greedy and parameter-space noise exploration algorithms. adversarial exploitation of policy imitation. this paper investigates a class of attacks targeting the confidentiality aspect of security in deep reinforcement learning (drl) policies. recent research have established the vulnerability of supervised machine learning models (e.g., classifiers) to model extraction attacks. such attacks leverage the loosely-restricted ability of the attacker to iteratively query the model for labels, thereby allowing for the forging of a labeled dataset which can be used to train a replica of the original model. in this work, we demonstrate the feasibility of exploiting imitation learning techniques in launching model extraction attacks on drl agents. furthermore, we develop proof-of-concept attacks that leverage such techniques for black-box attacks against the integrity of drl policies. we also present a discussion on potential solution concepts for mitigation techniques. sequential triggers for watermarking of deep reinforcement learning policies. this paper proposes a novel scheme for the watermarking of deep reinforcement learning (drl) policies. this scheme provides a mechanism for the integration of a unique identifier within the policy in the form of its response to a designated sequence of state transitions, while incurring minimal impact on the nominal performance of the policy. the applications of this watermarking scheme include detection of unauthorized replications of proprietary policies, as well as enabling the graceful interruption or termination of drl activities by authorized entities. we demonstrate the feasibility of our proposal via experimental evaluation of watermarking a dqn policy trained in the cartpole environment."
William Hsu,William Hsu,3,http://arxiv.org/abs/1906.01119v1;http://arxiv.org/abs/1906.01121v1;http://arxiv.org/abs/1906.01126v1,cs.AI;cs.CR;cs.LG;stat.ML,"analysis and improvement of adversarial training in dqn agents with adversarially-guided exploration (age). this paper investigates the effectiveness of adversarial training in enhancing the robustness of deep q-network (dqn) policies to state-space perturbations. we first present a formal analysis of adversarial training in dqn agents and its performance with respect to the proportion of adversarial perturbations to nominal observations used for training. next, we consider the sample-inefficiency of current adversarial training techniques, and propose a novel adversarially-guided exploration (age) mechanism based on a modified hybrid of the ε -greedy algorithm and boltzmann exploration. we verify the feasibility of this exploration mechanism through experimental evaluation of its performance in comparison with the traditional decaying ε -greedy and parameter-space noise exploration algorithms. adversarial exploitation of policy imitation. this paper investigates a class of attacks targeting the confidentiality aspect of security in deep reinforcement learning (drl) policies. recent research have established the vulnerability of supervised machine learning models (e.g., classifiers) to model extraction attacks. such attacks leverage the loosely-restricted ability of the attacker to iteratively query the model for labels, thereby allowing for the forging of a labeled dataset which can be used to train a replica of the original model. in this work, we demonstrate the feasibility of exploiting imitation learning techniques in launching model extraction attacks on drl agents. furthermore, we develop proof-of-concept attacks that leverage such techniques for black-box attacks against the integrity of drl policies. we also present a discussion on potential solution concepts for mitigation techniques. sequential triggers for watermarking of deep reinforcement learning policies. this paper proposes a novel scheme for the watermarking of deep reinforcement learning (drl) policies. this scheme provides a mechanism for the integration of a unique identifier within the policy in the form of its response to a designated sequence of state transitions, while incurring minimal impact on the nominal performance of the policy. the applications of this watermarking scheme include detection of unauthorized replications of proprietary policies, as well as enabling the graceful interruption or termination of drl activities by authorized entities. we demonstrate the feasibility of our proposal via experimental evaluation of watermarking a dqn policy trained in the cartpole environment."
Andreas Orthey,Andreas Orthey,1,http://arxiv.org/abs/1906.01350v2,cs.AI;cs.RO,"rapidly-exploring quotient-space trees: motion planning using sequential simplifications. motion planning problems can be simplified by admissible projections of the configuration space to sequences of lower-dimensional quotient-spaces, called sequential simplifications. to exploit sequential simplifications, we present the quotient-space rapidly-exploring random trees (qrrt) algorithm. qrrt takes as input a start and a goal configuration, and a sequence of quotient-spaces. the algorithm grows trees on the quotient-spaces both sequentially and simultaneously to guarantee a dense coverage. qrrt is shown to be (1) probabilistically complete, and (2) can reduce the runtime by at least one order of magnitude. however, we show in experiments that the runtime varies substantially between different quotient-space sequences. to find out why, we perform an additional experiment, showing that the more narrow an environment, the more a quotient-space sequence can reduce runtime."
Marc Toussaint,Marc Toussaint,1,http://arxiv.org/abs/1906.01350v2,cs.AI;cs.RO,"rapidly-exploring quotient-space trees: motion planning using sequential simplifications. motion planning problems can be simplified by admissible projections of the configuration space to sequences of lower-dimensional quotient-spaces, called sequential simplifications. to exploit sequential simplifications, we present the quotient-space rapidly-exploring random trees (qrrt) algorithm. qrrt takes as input a start and a goal configuration, and a sequence of quotient-spaces. the algorithm grows trees on the quotient-spaces both sequentially and simultaneously to guarantee a dense coverage. qrrt is shown to be (1) probabilistically complete, and (2) can reduce the runtime by at least one order of magnitude. however, we show in experiments that the runtime varies substantially between different quotient-space sequences. to find out why, we perform an additional experiment, showing that the more narrow an environment, the more a quotient-space sequence can reduce runtime."
Vieri Giuliano Santucci,Vieri Giuliano Santucci,1,http://arxiv.org/abs/1906.01374v1,cs.AI;cs.LG;stat.ML,"autonomous reinforcement learning of multiple interrelated tasks. autonomous multiple tasks learning is a fundamental capability to develop versatile artificial agents that can act in complex environments. in real-world scenarios, tasks may be interrelated (or ""hierarchical"") so that a robot has to first learn to achieve some of them to set the preconditions for learning other ones. even though different strategies have been used in robotics to tackle the acquisition of interrelated tasks, in particular within the developmental robotics framework, autonomous learning in this kind of scenarios is still an open question. building on previous research in the framework of intrinsically motivated open-ended learning, in this work we describe how this question can be addressed working on the level of task selection, in particular considering the multiple interrelated tasks scenario as an mdp where the system is trying to maximise its competence over all the tasks."
Gianluca Baldassarre,Gianluca Baldassarre,1,http://arxiv.org/abs/1906.01374v1,cs.AI;cs.LG;stat.ML,"autonomous reinforcement learning of multiple interrelated tasks. autonomous multiple tasks learning is a fundamental capability to develop versatile artificial agents that can act in complex environments. in real-world scenarios, tasks may be interrelated (or ""hierarchical"") so that a robot has to first learn to achieve some of them to set the preconditions for learning other ones. even though different strategies have been used in robotics to tackle the acquisition of interrelated tasks, in particular within the developmental robotics framework, autonomous learning in this kind of scenarios is still an open question. building on previous research in the framework of intrinsically motivated open-ended learning, in this work we describe how this question can be addressed working on the level of task selection, in particular considering the multiple interrelated tasks scenario as an mdp where the system is trying to maximise its competence over all the tasks."
Emilio Cartoni,Emilio Cartoni,1,http://arxiv.org/abs/1906.01374v1,cs.AI;cs.LG;stat.ML,"autonomous reinforcement learning of multiple interrelated tasks. autonomous multiple tasks learning is a fundamental capability to develop versatile artificial agents that can act in complex environments. in real-world scenarios, tasks may be interrelated (or ""hierarchical"") so that a robot has to first learn to achieve some of them to set the preconditions for learning other ones. even though different strategies have been used in robotics to tackle the acquisition of interrelated tasks, in particular within the developmental robotics framework, autonomous learning in this kind of scenarios is still an open question. building on previous research in the framework of intrinsically motivated open-ended learning, in this work we describe how this question can be addressed working on the level of task selection, in particular considering the multiple interrelated tasks scenario as an mdp where the system is trying to maximise its competence over all the tasks."
Hengyuan Hu,Hengyuan Hu,1,http://arxiv.org/abs/1906.00744v5,cs.AI;cs.CL,"hierarchical decision making by generating and following natural language instructions. we explore using latent natural language instructions as an expressive and compositional representation of complex actions for hierarchical decision making. rather than directly selecting micro-actions, our agent first generates a latent plan in natural language, which is then executed by a separate model. we introduce a challenging real-time strategy game environment in which the actions of a large number of units must be coordinated across long time scales. we gather a dataset of 76 thousand pairs of instructions and executions from human play, and train instructor and executor models. experiments show that models using natural language as a latent variable significantly outperform models that directly imitate human actions. the compositional structure of language proves crucial to its effectiveness for action representation. we also release our code, models and data."
Denis Yarats,Denis Yarats,1,http://arxiv.org/abs/1906.00744v5,cs.AI;cs.CL,"hierarchical decision making by generating and following natural language instructions. we explore using latent natural language instructions as an expressive and compositional representation of complex actions for hierarchical decision making. rather than directly selecting micro-actions, our agent first generates a latent plan in natural language, which is then executed by a separate model. we introduce a challenging real-time strategy game environment in which the actions of a large number of units must be coordinated across long time scales. we gather a dataset of 76 thousand pairs of instructions and executions from human play, and train instructor and executor models. experiments show that models using natural language as a latent variable significantly outperform models that directly imitate human actions. the compositional structure of language proves crucial to its effectiveness for action representation. we also release our code, models and data."
Qucheng Gong,Qucheng Gong,1,http://arxiv.org/abs/1906.00744v5,cs.AI;cs.CL,"hierarchical decision making by generating and following natural language instructions. we explore using latent natural language instructions as an expressive and compositional representation of complex actions for hierarchical decision making. rather than directly selecting micro-actions, our agent first generates a latent plan in natural language, which is then executed by a separate model. we introduce a challenging real-time strategy game environment in which the actions of a large number of units must be coordinated across long time scales. we gather a dataset of 76 thousand pairs of instructions and executions from human play, and train instructor and executor models. experiments show that models using natural language as a latent variable significantly outperform models that directly imitate human actions. the compositional structure of language proves crucial to its effectiveness for action representation. we also release our code, models and data."
Yuandong Tian,Yuandong Tian,1,http://arxiv.org/abs/1906.00744v5,cs.AI;cs.CL,"hierarchical decision making by generating and following natural language instructions. we explore using latent natural language instructions as an expressive and compositional representation of complex actions for hierarchical decision making. rather than directly selecting micro-actions, our agent first generates a latent plan in natural language, which is then executed by a separate model. we introduce a challenging real-time strategy game environment in which the actions of a large number of units must be coordinated across long time scales. we gather a dataset of 76 thousand pairs of instructions and executions from human play, and train instructor and executor models. experiments show that models using natural language as a latent variable significantly outperform models that directly imitate human actions. the compositional structure of language proves crucial to its effectiveness for action representation. we also release our code, models and data."
Mike Lewis,Mike Lewis,1,http://arxiv.org/abs/1906.00744v5,cs.AI;cs.CL,"hierarchical decision making by generating and following natural language instructions. we explore using latent natural language instructions as an expressive and compositional representation of complex actions for hierarchical decision making. rather than directly selecting micro-actions, our agent first generates a latent plan in natural language, which is then executed by a separate model. we introduce a challenging real-time strategy game environment in which the actions of a large number of units must be coordinated across long time scales. we gather a dataset of 76 thousand pairs of instructions and executions from human play, and train instructor and executor models. experiments show that models using natural language as a latent variable significantly outperform models that directly imitate human actions. the compositional structure of language proves crucial to its effectiveness for action representation. we also release our code, models and data."
Hao Lu,Hao Lu,1,http://arxiv.org/abs/1906.01407v1,cs.AI;cs.LG;stat.ML,"rl4health: crowdsourcing reinforcement learning for knee replacement pathway optimization. joint replacement is the most common inpatient surgical treatment in the us. we investigate the clinical pathway optimization for knee replacement, which is a sequential decision process from onset to recovery. based on episodic claims from previous cases, we view the pathway optimization as an intelligence crowdsourcing problem and learn the optimal decision policy from data by imitating the best expert at every intermediate state. we develop a reinforcement learning-based pipeline that uses value iteration, state compression and aggregation learning, kernel representation and cross validation to predict the best treatment policy. it also provides forecast of the clinical pathway under the optimized policy. empirical validation shows that the optimized policy reduces the overall cost by 7 percent and reduces the excessive cost premium by 33 percent."
Mengdi Wang,Mengdi Wang,1,http://arxiv.org/abs/1906.01407v1,cs.AI;cs.LG;stat.ML,"rl4health: crowdsourcing reinforcement learning for knee replacement pathway optimization. joint replacement is the most common inpatient surgical treatment in the us. we investigate the clinical pathway optimization for knee replacement, which is a sequential decision process from onset to recovery. based on episodic claims from previous cases, we view the pathway optimization as an intelligence crowdsourcing problem and learn the optimal decision policy from data by imitating the best expert at every intermediate state. we develop a reinforcement learning-based pipeline that uses value iteration, state compression and aggregation learning, kernel representation and cross validation to predict the best treatment policy. it also provides forecast of the clinical pathway under the optimized policy. empirical validation shows that the optimized policy reduces the overall cost by 7 percent and reduces the excessive cost premium by 33 percent."
Mayukh Das,Mayukh Das,1,http://arxiv.org/abs/1906.01432v1,cs.AI;cs.LG;stat.ML,"knowledge-augmented column networks: guiding deep learning with advice. recently, deep models have had considerable success in several tasks, especially with low-level representations. however, effective learning from sparse noisy samples is a major challenge in most deep models, especially in domains with structured representations. inspired by the proven success of human guided machine learning, we propose knowledge-augmented column networks, a relational deep learning framework that leverages human advice/knowledge to learn better models in presence of sparsity and systematic noise."
Devendra Singh Dhami,Devendra Singh Dhami,1,http://arxiv.org/abs/1906.01432v1,cs.AI;cs.LG;stat.ML,"knowledge-augmented column networks: guiding deep learning with advice. recently, deep models have had considerable success in several tasks, especially with low-level representations. however, effective learning from sparse noisy samples is a major challenge in most deep models, especially in domains with structured representations. inspired by the proven success of human guided machine learning, we propose knowledge-augmented column networks, a relational deep learning framework that leverages human advice/knowledge to learn better models in presence of sparsity and systematic noise."
Yang Yu,Yang Yu,1,http://arxiv.org/abs/1906.01432v1,cs.AI;cs.LG;stat.ML,"knowledge-augmented column networks: guiding deep learning with advice. recently, deep models have had considerable success in several tasks, especially with low-level representations. however, effective learning from sparse noisy samples is a major challenge in most deep models, especially in domains with structured representations. inspired by the proven success of human guided machine learning, we propose knowledge-augmented column networks, a relational deep learning framework that leverages human advice/knowledge to learn better models in presence of sparsity and systematic noise."
Gautam Kunapuli,Gautam Kunapuli,1,http://arxiv.org/abs/1906.01432v1,cs.AI;cs.LG;stat.ML,"knowledge-augmented column networks: guiding deep learning with advice. recently, deep models have had considerable success in several tasks, especially with low-level representations. however, effective learning from sparse noisy samples is a major challenge in most deep models, especially in domains with structured representations. inspired by the proven success of human guided machine learning, we propose knowledge-augmented column networks, a relational deep learning framework that leverages human advice/knowledge to learn better models in presence of sparsity and systematic noise."
Sriraam Natarajan,Sriraam Natarajan,1,http://arxiv.org/abs/1906.01432v1,cs.AI;cs.LG;stat.ML,"knowledge-augmented column networks: guiding deep learning with advice. recently, deep models have had considerable success in several tasks, especially with low-level representations. however, effective learning from sparse noisy samples is a major challenge in most deep models, especially in domains with structured representations. inspired by the proven success of human guided machine learning, we propose knowledge-augmented column networks, a relational deep learning framework that leverages human advice/knowledge to learn better models in presence of sparsity and systematic noise."
Alexander Sasha Vezhnevets,Alexander Sasha Vezhnevets,1,http://arxiv.org/abs/1906.01470v3,cs.AI;cs.LG;cs.MA;cs.NE;stat.ML,"options as responses: grounding behavioural hierarchies in multi-agent rl. this paper investigates generalisation in multi-agent games, where the generality of the agent can be evaluated by playing against opponents it hasn't seen during training. we propose two new games with concealed information and complex, non-transitive reward structure (think rock/paper/scissors). it turns out that most current deep reinforcement learning methods fail to efficiently explore the strategy space, thus learning policies that generalise poorly to unseen opponents. we then propose a novel hierarchical agent architecture, where the hierarchy is grounded in the game-theoretic structure of the game -- the top level chooses strategic responses to opponents, while the low level implements them into policy over primitive actions. this grounding facilitates credit assignment across the levels of hierarchy. our experiments show that the proposed hierarchical agent is capable of generalisation to unseen opponents, while conventional baselines fail to generalise whatsoever."
Yuhuai Wu,Yuhuai Wu,1,http://arxiv.org/abs/1906.01470v3,cs.AI;cs.LG;cs.MA;cs.NE;stat.ML,"options as responses: grounding behavioural hierarchies in multi-agent rl. this paper investigates generalisation in multi-agent games, where the generality of the agent can be evaluated by playing against opponents it hasn't seen during training. we propose two new games with concealed information and complex, non-transitive reward structure (think rock/paper/scissors). it turns out that most current deep reinforcement learning methods fail to efficiently explore the strategy space, thus learning policies that generalise poorly to unseen opponents. we then propose a novel hierarchical agent architecture, where the hierarchy is grounded in the game-theoretic structure of the game -- the top level chooses strategic responses to opponents, while the low level implements them into policy over primitive actions. this grounding facilitates credit assignment across the levels of hierarchy. our experiments show that the proposed hierarchical agent is capable of generalisation to unseen opponents, while conventional baselines fail to generalise whatsoever."
Remi Leblond,Remi Leblond,1,http://arxiv.org/abs/1906.01470v3,cs.AI;cs.LG;cs.MA;cs.NE;stat.ML,"options as responses: grounding behavioural hierarchies in multi-agent rl. this paper investigates generalisation in multi-agent games, where the generality of the agent can be evaluated by playing against opponents it hasn't seen during training. we propose two new games with concealed information and complex, non-transitive reward structure (think rock/paper/scissors). it turns out that most current deep reinforcement learning methods fail to efficiently explore the strategy space, thus learning policies that generalise poorly to unseen opponents. we then propose a novel hierarchical agent architecture, where the hierarchy is grounded in the game-theoretic structure of the game -- the top level chooses strategic responses to opponents, while the low level implements them into policy over primitive actions. this grounding facilitates credit assignment across the levels of hierarchy. our experiments show that the proposed hierarchical agent is capable of generalisation to unseen opponents, while conventional baselines fail to generalise whatsoever."
Joel Z. Leibo,Joel Z. Leibo,1,http://arxiv.org/abs/1906.01470v3,cs.AI;cs.LG;cs.MA;cs.NE;stat.ML,"options as responses: grounding behavioural hierarchies in multi-agent rl. this paper investigates generalisation in multi-agent games, where the generality of the agent can be evaluated by playing against opponents it hasn't seen during training. we propose two new games with concealed information and complex, non-transitive reward structure (think rock/paper/scissors). it turns out that most current deep reinforcement learning methods fail to efficiently explore the strategy space, thus learning policies that generalise poorly to unseen opponents. we then propose a novel hierarchical agent architecture, where the hierarchy is grounded in the game-theoretic structure of the game -- the top level chooses strategic responses to opponents, while the low level implements them into policy over primitive actions. this grounding facilitates credit assignment across the levels of hierarchy. our experiments show that the proposed hierarchical agent is capable of generalisation to unseen opponents, while conventional baselines fail to generalise whatsoever."
Matteo Fischetti,Matteo Fischetti,1,http://arxiv.org/abs/1906.01504v1,cs.AI;cs.DM;cs.LG;math.OC;stat.ML,"embedded hyper-parameter tuning by simulated annealing. we propose a new metaheuristic training scheme that combines stochastic gradient descent (sgd) and discrete optimization in an unconventional way. our idea is to define a discrete neighborhood of the current sgd point containing a number of ""potentially good moves"" that exploit gradient information, and to search this neighborhood by using a classical metaheuristic scheme borrowed from discrete optimization. in the present paper we investigate the use of a simple simulated annealing (sa) metaheuristic that accepts/rejects a candidate new solution in the neighborhood with a probability that depends both on the new solution quality and on a parameter (the temperature) which is modified over time to lower the probability of accepting worsening moves. we use this scheme as an automatic way to perform hyper-parameter tuning, hence the title of the paper. a distinctive feature of our scheme is that hyper-parameters are modified within a single sgd execution (and not in an external loop, as customary) and evaluated on the fly on the current minibatch, i.e., their tuning is fully embedded within the sgd algorithm. the use of sa for training is not new, but previous proposals were mainly intended for non-differentiable objective functions for which sgd is not applied due to the lack of gradients. on the contrary, our sa method requires differentiability of (a proxy of) the loss function, and leverages on the availability of a gradient direction to define local moves that have a large probability to improve the current solution. computational results on image classification (cifar-10) are reported, showing that the proposed approach leads to an improvement of the final validation accuracy for modern deep neural networks such as resnet34 and vgg16."
Matteo Stringher,Matteo Stringher,1,http://arxiv.org/abs/1906.01504v1,cs.AI;cs.DM;cs.LG;math.OC;stat.ML,"embedded hyper-parameter tuning by simulated annealing. we propose a new metaheuristic training scheme that combines stochastic gradient descent (sgd) and discrete optimization in an unconventional way. our idea is to define a discrete neighborhood of the current sgd point containing a number of ""potentially good moves"" that exploit gradient information, and to search this neighborhood by using a classical metaheuristic scheme borrowed from discrete optimization. in the present paper we investigate the use of a simple simulated annealing (sa) metaheuristic that accepts/rejects a candidate new solution in the neighborhood with a probability that depends both on the new solution quality and on a parameter (the temperature) which is modified over time to lower the probability of accepting worsening moves. we use this scheme as an automatic way to perform hyper-parameter tuning, hence the title of the paper. a distinctive feature of our scheme is that hyper-parameters are modified within a single sgd execution (and not in an external loop, as customary) and evaluated on the fly on the current minibatch, i.e., their tuning is fully embedded within the sgd algorithm. the use of sa for training is not new, but previous proposals were mainly intended for non-differentiable objective functions for which sgd is not applied due to the lack of gradients. on the contrary, our sa method requires differentiability of (a proxy of) the loss function, and leverages on the availability of a gradient direction to define local moves that have a large probability to improve the current solution. computational results on image classification (cifar-10) are reported, showing that the proposed approach leads to an improvement of the final validation accuracy for modern deep neural networks such as resnet34 and vgg16."
Teng Wang,Teng Wang,1,http://arxiv.org/abs/1906.01562v2,cs.AI;cs.CR,"privacy-preserving crowd-guided ai decision-making in ethical dilemmas. with the rapid development of artificial intelligence (ai), ethical issues surrounding ai have attracted increasing attention. in particular, autonomous vehicles may face moral dilemmas in accident scenarios, such as staying the course resulting in hurting pedestrians or swerving leading to hurting passengers. to investigate such ethical dilemmas, recent studies have adopted preference aggregation, in which each voter expresses her/his preferences over decisions for the possible ethical dilemma scenarios, and a centralized system aggregates these preferences to obtain the winning decision. although a useful methodology for building ethical ai systems, such an approach can potentially violate the privacy of voters since moral preferences are sensitive information and their disclosure can be exploited by malicious parties. in this paper, we report a first-of-its-kind privacy-preserving crowd-guided ai decision-making approach in ethical dilemmas. we adopt the notion of differential privacy to quantify privacy and consider four granularities of privacy protection by taking voter-/record-level privacy protection and centralized/distributed perturbation into account, resulting in four approaches vlcp, rlcp, vldp, and rldp. moreover, we propose different algorithms to achieve these privacy protection granularities, while retaining the accuracy of the learned moral preference model. specifically, vlcp and rlcp are implemented with the data aggregator setting a universal privacy parameter and perturbing the averaged moral preference to protect the privacy of voters' data. vldp and rldp are implemented in such a way that each voter perturbs her/his local moral preference with a personalized privacy parameter. extensive experiments on both synthetic and real data demonstrate that the proposed approach can achieve high accuracy of preference aggregation while protecting individual voter's privacy."
Jun Zhao,Jun Zhao,1,http://arxiv.org/abs/1906.01562v2,cs.AI;cs.CR,"privacy-preserving crowd-guided ai decision-making in ethical dilemmas. with the rapid development of artificial intelligence (ai), ethical issues surrounding ai have attracted increasing attention. in particular, autonomous vehicles may face moral dilemmas in accident scenarios, such as staying the course resulting in hurting pedestrians or swerving leading to hurting passengers. to investigate such ethical dilemmas, recent studies have adopted preference aggregation, in which each voter expresses her/his preferences over decisions for the possible ethical dilemma scenarios, and a centralized system aggregates these preferences to obtain the winning decision. although a useful methodology for building ethical ai systems, such an approach can potentially violate the privacy of voters since moral preferences are sensitive information and their disclosure can be exploited by malicious parties. in this paper, we report a first-of-its-kind privacy-preserving crowd-guided ai decision-making approach in ethical dilemmas. we adopt the notion of differential privacy to quantify privacy and consider four granularities of privacy protection by taking voter-/record-level privacy protection and centralized/distributed perturbation into account, resulting in four approaches vlcp, rlcp, vldp, and rldp. moreover, we propose different algorithms to achieve these privacy protection granularities, while retaining the accuracy of the learned moral preference model. specifically, vlcp and rlcp are implemented with the data aggregator setting a universal privacy parameter and perturbing the averaged moral preference to protect the privacy of voters' data. vldp and rldp are implemented in such a way that each voter perturbs her/his local moral preference with a personalized privacy parameter. extensive experiments on both synthetic and real data demonstrate that the proposed approach can achieve high accuracy of preference aggregation while protecting individual voter's privacy."
Han Yu,Han Yu,1,http://arxiv.org/abs/1906.01562v2,cs.AI;cs.CR,"privacy-preserving crowd-guided ai decision-making in ethical dilemmas. with the rapid development of artificial intelligence (ai), ethical issues surrounding ai have attracted increasing attention. in particular, autonomous vehicles may face moral dilemmas in accident scenarios, such as staying the course resulting in hurting pedestrians or swerving leading to hurting passengers. to investigate such ethical dilemmas, recent studies have adopted preference aggregation, in which each voter expresses her/his preferences over decisions for the possible ethical dilemma scenarios, and a centralized system aggregates these preferences to obtain the winning decision. although a useful methodology for building ethical ai systems, such an approach can potentially violate the privacy of voters since moral preferences are sensitive information and their disclosure can be exploited by malicious parties. in this paper, we report a first-of-its-kind privacy-preserving crowd-guided ai decision-making approach in ethical dilemmas. we adopt the notion of differential privacy to quantify privacy and consider four granularities of privacy protection by taking voter-/record-level privacy protection and centralized/distributed perturbation into account, resulting in four approaches vlcp, rlcp, vldp, and rldp. moreover, we propose different algorithms to achieve these privacy protection granularities, while retaining the accuracy of the learned moral preference model. specifically, vlcp and rlcp are implemented with the data aggregator setting a universal privacy parameter and perturbing the averaged moral preference to protect the privacy of voters' data. vldp and rldp are implemented in such a way that each voter perturbs her/his local moral preference with a personalized privacy parameter. extensive experiments on both synthetic and real data demonstrate that the proposed approach can achieve high accuracy of preference aggregation while protecting individual voter's privacy."
Jinyan Liu,Jinyan Liu,1,http://arxiv.org/abs/1906.01562v2,cs.AI;cs.CR,"privacy-preserving crowd-guided ai decision-making in ethical dilemmas. with the rapid development of artificial intelligence (ai), ethical issues surrounding ai have attracted increasing attention. in particular, autonomous vehicles may face moral dilemmas in accident scenarios, such as staying the course resulting in hurting pedestrians or swerving leading to hurting passengers. to investigate such ethical dilemmas, recent studies have adopted preference aggregation, in which each voter expresses her/his preferences over decisions for the possible ethical dilemma scenarios, and a centralized system aggregates these preferences to obtain the winning decision. although a useful methodology for building ethical ai systems, such an approach can potentially violate the privacy of voters since moral preferences are sensitive information and their disclosure can be exploited by malicious parties. in this paper, we report a first-of-its-kind privacy-preserving crowd-guided ai decision-making approach in ethical dilemmas. we adopt the notion of differential privacy to quantify privacy and consider four granularities of privacy protection by taking voter-/record-level privacy protection and centralized/distributed perturbation into account, resulting in four approaches vlcp, rlcp, vldp, and rldp. moreover, we propose different algorithms to achieve these privacy protection granularities, while retaining the accuracy of the learned moral preference model. specifically, vlcp and rlcp are implemented with the data aggregator setting a universal privacy parameter and perturbing the averaged moral preference to protect the privacy of voters' data. vldp and rldp are implemented in such a way that each voter perturbs her/his local moral preference with a personalized privacy parameter. extensive experiments on both synthetic and real data demonstrate that the proposed approach can achieve high accuracy of preference aggregation while protecting individual voter's privacy."
Xinyu Yang,Xinyu Yang,1,http://arxiv.org/abs/1906.01562v2,cs.AI;cs.CR,"privacy-preserving crowd-guided ai decision-making in ethical dilemmas. with the rapid development of artificial intelligence (ai), ethical issues surrounding ai have attracted increasing attention. in particular, autonomous vehicles may face moral dilemmas in accident scenarios, such as staying the course resulting in hurting pedestrians or swerving leading to hurting passengers. to investigate such ethical dilemmas, recent studies have adopted preference aggregation, in which each voter expresses her/his preferences over decisions for the possible ethical dilemma scenarios, and a centralized system aggregates these preferences to obtain the winning decision. although a useful methodology for building ethical ai systems, such an approach can potentially violate the privacy of voters since moral preferences are sensitive information and their disclosure can be exploited by malicious parties. in this paper, we report a first-of-its-kind privacy-preserving crowd-guided ai decision-making approach in ethical dilemmas. we adopt the notion of differential privacy to quantify privacy and consider four granularities of privacy protection by taking voter-/record-level privacy protection and centralized/distributed perturbation into account, resulting in four approaches vlcp, rlcp, vldp, and rldp. moreover, we propose different algorithms to achieve these privacy protection granularities, while retaining the accuracy of the learned moral preference model. specifically, vlcp and rlcp are implemented with the data aggregator setting a universal privacy parameter and perturbing the averaged moral preference to protect the privacy of voters' data. vldp and rldp are implemented in such a way that each voter perturbs her/his local moral preference with a personalized privacy parameter. extensive experiments on both synthetic and real data demonstrate that the proposed approach can achieve high accuracy of preference aggregation while protecting individual voter's privacy."
Xuebin Ren,Xuebin Ren,1,http://arxiv.org/abs/1906.01562v2,cs.AI;cs.CR,"privacy-preserving crowd-guided ai decision-making in ethical dilemmas. with the rapid development of artificial intelligence (ai), ethical issues surrounding ai have attracted increasing attention. in particular, autonomous vehicles may face moral dilemmas in accident scenarios, such as staying the course resulting in hurting pedestrians or swerving leading to hurting passengers. to investigate such ethical dilemmas, recent studies have adopted preference aggregation, in which each voter expresses her/his preferences over decisions for the possible ethical dilemma scenarios, and a centralized system aggregates these preferences to obtain the winning decision. although a useful methodology for building ethical ai systems, such an approach can potentially violate the privacy of voters since moral preferences are sensitive information and their disclosure can be exploited by malicious parties. in this paper, we report a first-of-its-kind privacy-preserving crowd-guided ai decision-making approach in ethical dilemmas. we adopt the notion of differential privacy to quantify privacy and consider four granularities of privacy protection by taking voter-/record-level privacy protection and centralized/distributed perturbation into account, resulting in four approaches vlcp, rlcp, vldp, and rldp. moreover, we propose different algorithms to achieve these privacy protection granularities, while retaining the accuracy of the learned moral preference model. specifically, vlcp and rlcp are implemented with the data aggregator setting a universal privacy parameter and perturbing the averaged moral preference to protect the privacy of voters' data. vldp and rldp are implemented in such a way that each voter perturbs her/his local moral preference with a personalized privacy parameter. extensive experiments on both synthetic and real data demonstrate that the proposed approach can achieve high accuracy of preference aggregation while protecting individual voter's privacy."
Shuyu Shi,Shuyu Shi,1,http://arxiv.org/abs/1906.01562v2,cs.AI;cs.CR,"privacy-preserving crowd-guided ai decision-making in ethical dilemmas. with the rapid development of artificial intelligence (ai), ethical issues surrounding ai have attracted increasing attention. in particular, autonomous vehicles may face moral dilemmas in accident scenarios, such as staying the course resulting in hurting pedestrians or swerving leading to hurting passengers. to investigate such ethical dilemmas, recent studies have adopted preference aggregation, in which each voter expresses her/his preferences over decisions for the possible ethical dilemma scenarios, and a centralized system aggregates these preferences to obtain the winning decision. although a useful methodology for building ethical ai systems, such an approach can potentially violate the privacy of voters since moral preferences are sensitive information and their disclosure can be exploited by malicious parties. in this paper, we report a first-of-its-kind privacy-preserving crowd-guided ai decision-making approach in ethical dilemmas. we adopt the notion of differential privacy to quantify privacy and consider four granularities of privacy protection by taking voter-/record-level privacy protection and centralized/distributed perturbation into account, resulting in four approaches vlcp, rlcp, vldp, and rldp. moreover, we propose different algorithms to achieve these privacy protection granularities, while retaining the accuracy of the learned moral preference model. specifically, vlcp and rlcp are implemented with the data aggregator setting a universal privacy parameter and perturbing the averaged moral preference to protect the privacy of voters' data. vldp and rldp are implemented in such a way that each voter perturbs her/his local moral preference with a personalized privacy parameter. extensive experiments on both synthetic and real data demonstrate that the proposed approach can achieve high accuracy of preference aggregation while protecting individual voter's privacy."
Ibrahim Alabdulmohsin,Ibrahim Alabdulmohsin,1,http://arxiv.org/abs/2005.14621v1,cs.AI;cs.LG;stat.AP;stat.ML,"fair classification via unconstrained optimization. achieving the bayes optimal binary classification rule subject to group fairness constraints is known to be reducible, in some cases, to learning a group-wise thresholding rule over the bayes regressor. in this paper, we extend this result by proving that, in a broader setting, the bayes optimal fair learning rule remains a group-wise thresholding rule over the bayes regressor but with a (possible) randomization at the thresholds. this provides a stronger justification to the post-processing approach in fair classification, in which (1) a predictor is learned first, after which (2) its output is adjusted to remove bias. we show how the post-processing rule in this two-stage approach can be learned quite efficiently by solving an unconstrained optimization problem. the proposed algorithm can be applied to any black-box machine learning model, such as deep neural networks, random forests and support vector machines. in addition, it can accommodate many fairness criteria that have been previously proposed in the literature, such as equalized odds and statistical parity. we prove that the algorithm is bayes consistent and motivate it, furthermore, via an impossibility result that quantifies the tradeoff between accuracy and fairness across multiple demographic groups. finally, we conclude by validating the algorithm on the adult benchmark dataset."
Mohammad Sina Kiarostami,Mohammad Sina Kiarostami,1,http://arxiv.org/abs/2005.14156v1,cs.AI;cs.RO,"unlucky explorer: a complete non-overlapping map exploration. nowadays, the field of artificial intelligence in computer games (ai in games) is going to be more alluring since computer games challenge many aspects of ai with a wide range of problems, particularly general problems. one of these kinds of problems is exploration, which states that an unknown environment must be explored by one or several agents. in this work, we have first introduced the maze dash puzzle as an exploration problem where the agent must find a hamiltonian path visiting all the cells. then, we have investigated to find suitable methods by a focus on monte-carlo tree search (mcts) and sat to solve this puzzle quickly and accurately. an optimization has been applied to the proposed mcts algorithm to obtain a promising result. also, since the prefabricated test cases of this puzzle are not large enough to assay the proposed method, we have proposed and employed a technique to generate solvable test cases to evaluate the approaches. eventually, the mcts-based method has been assessed by the auto-generated test cases and compared with our implemented sat approach that is considered a good rival. our comparison indicates that the mcts-based approach is an up-and-coming method that could cope with the test cases with small and medium sizes with faster run-time compared to sat. however, for certain discussed reasons, including the features of the problem, tree search organization, and also the approach of mcts in the simulation step, mcts takes more time to execute in large size scenarios. consequently, we have found the bottleneck for the mcts-based method in significant test cases that could be improved in two real-world problems."
Saleh Khalaj Monfared,Saleh Khalaj Monfared,1,http://arxiv.org/abs/2005.14156v1,cs.AI;cs.RO,"unlucky explorer: a complete non-overlapping map exploration. nowadays, the field of artificial intelligence in computer games (ai in games) is going to be more alluring since computer games challenge many aspects of ai with a wide range of problems, particularly general problems. one of these kinds of problems is exploration, which states that an unknown environment must be explored by one or several agents. in this work, we have first introduced the maze dash puzzle as an exploration problem where the agent must find a hamiltonian path visiting all the cells. then, we have investigated to find suitable methods by a focus on monte-carlo tree search (mcts) and sat to solve this puzzle quickly and accurately. an optimization has been applied to the proposed mcts algorithm to obtain a promising result. also, since the prefabricated test cases of this puzzle are not large enough to assay the proposed method, we have proposed and employed a technique to generate solvable test cases to evaluate the approaches. eventually, the mcts-based method has been assessed by the auto-generated test cases and compared with our implemented sat approach that is considered a good rival. our comparison indicates that the mcts-based approach is an up-and-coming method that could cope with the test cases with small and medium sizes with faster run-time compared to sat. however, for certain discussed reasons, including the features of the problem, tree search organization, and also the approach of mcts in the simulation step, mcts takes more time to execute in large size scenarios. consequently, we have found the bottleneck for the mcts-based method in significant test cases that could be improved in two real-world problems."
Mohammadreza Daneshvaramoli,Mohammadreza Daneshvaramoli,1,http://arxiv.org/abs/2005.14156v1,cs.AI;cs.RO,"unlucky explorer: a complete non-overlapping map exploration. nowadays, the field of artificial intelligence in computer games (ai in games) is going to be more alluring since computer games challenge many aspects of ai with a wide range of problems, particularly general problems. one of these kinds of problems is exploration, which states that an unknown environment must be explored by one or several agents. in this work, we have first introduced the maze dash puzzle as an exploration problem where the agent must find a hamiltonian path visiting all the cells. then, we have investigated to find suitable methods by a focus on monte-carlo tree search (mcts) and sat to solve this puzzle quickly and accurately. an optimization has been applied to the proposed mcts algorithm to obtain a promising result. also, since the prefabricated test cases of this puzzle are not large enough to assay the proposed method, we have proposed and employed a technique to generate solvable test cases to evaluate the approaches. eventually, the mcts-based method has been assessed by the auto-generated test cases and compared with our implemented sat approach that is considered a good rival. our comparison indicates that the mcts-based approach is an up-and-coming method that could cope with the test cases with small and medium sizes with faster run-time compared to sat. however, for certain discussed reasons, including the features of the problem, tree search organization, and also the approach of mcts in the simulation step, mcts takes more time to execute in large size scenarios. consequently, we have found the bottleneck for the mcts-based method in significant test cases that could be improved in two real-world problems."
Ali Oliayi,Ali Oliayi,1,http://arxiv.org/abs/2005.14156v1,cs.AI;cs.RO,"unlucky explorer: a complete non-overlapping map exploration. nowadays, the field of artificial intelligence in computer games (ai in games) is going to be more alluring since computer games challenge many aspects of ai with a wide range of problems, particularly general problems. one of these kinds of problems is exploration, which states that an unknown environment must be explored by one or several agents. in this work, we have first introduced the maze dash puzzle as an exploration problem where the agent must find a hamiltonian path visiting all the cells. then, we have investigated to find suitable methods by a focus on monte-carlo tree search (mcts) and sat to solve this puzzle quickly and accurately. an optimization has been applied to the proposed mcts algorithm to obtain a promising result. also, since the prefabricated test cases of this puzzle are not large enough to assay the proposed method, we have proposed and employed a technique to generate solvable test cases to evaluate the approaches. eventually, the mcts-based method has been assessed by the auto-generated test cases and compared with our implemented sat approach that is considered a good rival. our comparison indicates that the mcts-based approach is an up-and-coming method that could cope with the test cases with small and medium sizes with faster run-time compared to sat. however, for certain discussed reasons, including the features of the problem, tree search organization, and also the approach of mcts in the simulation step, mcts takes more time to execute in large size scenarios. consequently, we have found the bottleneck for the mcts-based method in significant test cases that could be improved in two real-world problems."
Negar Yousefian,Negar Yousefian,1,http://arxiv.org/abs/2005.14156v1,cs.AI;cs.RO,"unlucky explorer: a complete non-overlapping map exploration. nowadays, the field of artificial intelligence in computer games (ai in games) is going to be more alluring since computer games challenge many aspects of ai with a wide range of problems, particularly general problems. one of these kinds of problems is exploration, which states that an unknown environment must be explored by one or several agents. in this work, we have first introduced the maze dash puzzle as an exploration problem where the agent must find a hamiltonian path visiting all the cells. then, we have investigated to find suitable methods by a focus on monte-carlo tree search (mcts) and sat to solve this puzzle quickly and accurately. an optimization has been applied to the proposed mcts algorithm to obtain a promising result. also, since the prefabricated test cases of this puzzle are not large enough to assay the proposed method, we have proposed and employed a technique to generate solvable test cases to evaluate the approaches. eventually, the mcts-based method has been assessed by the auto-generated test cases and compared with our implemented sat approach that is considered a good rival. our comparison indicates that the mcts-based approach is an up-and-coming method that could cope with the test cases with small and medium sizes with faster run-time compared to sat. however, for certain discussed reasons, including the features of the problem, tree search organization, and also the approach of mcts in the simulation step, mcts takes more time to execute in large size scenarios. consequently, we have found the bottleneck for the mcts-based method in significant test cases that could be improved in two real-world problems."
Dara Rahmati,Dara Rahmati,1,http://arxiv.org/abs/2005.14156v1,cs.AI;cs.RO,"unlucky explorer: a complete non-overlapping map exploration. nowadays, the field of artificial intelligence in computer games (ai in games) is going to be more alluring since computer games challenge many aspects of ai with a wide range of problems, particularly general problems. one of these kinds of problems is exploration, which states that an unknown environment must be explored by one or several agents. in this work, we have first introduced the maze dash puzzle as an exploration problem where the agent must find a hamiltonian path visiting all the cells. then, we have investigated to find suitable methods by a focus on monte-carlo tree search (mcts) and sat to solve this puzzle quickly and accurately. an optimization has been applied to the proposed mcts algorithm to obtain a promising result. also, since the prefabricated test cases of this puzzle are not large enough to assay the proposed method, we have proposed and employed a technique to generate solvable test cases to evaluate the approaches. eventually, the mcts-based method has been assessed by the auto-generated test cases and compared with our implemented sat approach that is considered a good rival. our comparison indicates that the mcts-based approach is an up-and-coming method that could cope with the test cases with small and medium sizes with faster run-time compared to sat. however, for certain discussed reasons, including the features of the problem, tree search organization, and also the approach of mcts in the simulation step, mcts takes more time to execute in large size scenarios. consequently, we have found the bottleneck for the mcts-based method in significant test cases that could be improved in two real-world problems."
Saeid Gorgin,Saeid Gorgin,1,http://arxiv.org/abs/2005.14156v1,cs.AI;cs.RO,"unlucky explorer: a complete non-overlapping map exploration. nowadays, the field of artificial intelligence in computer games (ai in games) is going to be more alluring since computer games challenge many aspects of ai with a wide range of problems, particularly general problems. one of these kinds of problems is exploration, which states that an unknown environment must be explored by one or several agents. in this work, we have first introduced the maze dash puzzle as an exploration problem where the agent must find a hamiltonian path visiting all the cells. then, we have investigated to find suitable methods by a focus on monte-carlo tree search (mcts) and sat to solve this puzzle quickly and accurately. an optimization has been applied to the proposed mcts algorithm to obtain a promising result. also, since the prefabricated test cases of this puzzle are not large enough to assay the proposed method, we have proposed and employed a technique to generate solvable test cases to evaluate the approaches. eventually, the mcts-based method has been assessed by the auto-generated test cases and compared with our implemented sat approach that is considered a good rival. our comparison indicates that the mcts-based approach is an up-and-coming method that could cope with the test cases with small and medium sizes with faster run-time compared to sat. however, for certain discussed reasons, including the features of the problem, tree search organization, and also the approach of mcts in the simulation step, mcts takes more time to execute in large size scenarios. consequently, we have found the bottleneck for the mcts-based method in significant test cases that could be improved in two real-world problems."
Marc Chalé,Marc Chalé,1,http://arxiv.org/abs/2005.14230v1,cs.AI;cs.CR;cs.LG;stat.AP,"algorithm selection framework for cyber attack detection. the number of cyber threats against both wired and wireless computer systems and other components of the internet of things continues to increase annually. in this work, an algorithm selection framework is employed on the nsl-kdd data set and a novel paradigm of machine learning taxonomy is presented. the framework uses a combination of user input and meta-features to select the best algorithm to detect cyber attacks on a network. performance is compared between a rule-of-thumb strategy and a meta-learning strategy. the framework removes the conjecture of the common trial-and-error algorithm selection method. the framework recommends five algorithms from the taxonomy. both strategies recommend a high-performing algorithm, though not the best performing. the work demonstrates the close connectedness between algorithm selection and the taxonomy for which it is premised."
Nathaniel D. Bastian,Nathaniel D. Bastian,1,http://arxiv.org/abs/2005.14230v1,cs.AI;cs.CR;cs.LG;stat.AP,"algorithm selection framework for cyber attack detection. the number of cyber threats against both wired and wireless computer systems and other components of the internet of things continues to increase annually. in this work, an algorithm selection framework is employed on the nsl-kdd data set and a novel paradigm of machine learning taxonomy is presented. the framework uses a combination of user input and meta-features to select the best algorithm to detect cyber attacks on a network. performance is compared between a rule-of-thumb strategy and a meta-learning strategy. the framework removes the conjecture of the common trial-and-error algorithm selection method. the framework recommends five algorithms from the taxonomy. both strategies recommend a high-performing algorithm, though not the best performing. the work demonstrates the close connectedness between algorithm selection and the taxonomy for which it is premised."
Jeffery Weir,Jeffery Weir,1,http://arxiv.org/abs/2005.14230v1,cs.AI;cs.CR;cs.LG;stat.AP,"algorithm selection framework for cyber attack detection. the number of cyber threats against both wired and wireless computer systems and other components of the internet of things continues to increase annually. in this work, an algorithm selection framework is employed on the nsl-kdd data set and a novel paradigm of machine learning taxonomy is presented. the framework uses a combination of user input and meta-features to select the best algorithm to detect cyber attacks on a network. performance is compared between a rule-of-thumb strategy and a meta-learning strategy. the framework removes the conjecture of the common trial-and-error algorithm selection method. the framework recommends five algorithms from the taxonomy. both strategies recommend a high-performing algorithm, though not the best performing. the work demonstrates the close connectedness between algorithm selection and the taxonomy for which it is premised."
Chengrun Yang,Chengrun Yang,1,http://arxiv.org/abs/2006.04216v1,cs.AI;cs.LG;stat.ML,"efficient automl pipeline search with matrix and tensor factorization. data scientists seeking a good supervised learning model on a new dataset have many choices to make: they must preprocess the data, select features, possibly reduce the dimension, select an estimation algorithm, and choose hyperparameters for each of these pipeline components. with new pipeline components comes a combinatorial explosion in the number of choices! in this work, we design a new automl system to address this challenge: an automated system to design a supervised learning pipeline. our system uses matrix and tensor factorization as surrogate models to model the combinatorial pipeline search space. under these models, we develop greedy experiment design protocols to efficiently gather information about a new dataset. experiments on large corpora of real-world classification problems demonstrate the effectiveness of our approach."
Jicong Fan,Jicong Fan,1,http://arxiv.org/abs/2006.04216v1,cs.AI;cs.LG;stat.ML,"efficient automl pipeline search with matrix and tensor factorization. data scientists seeking a good supervised learning model on a new dataset have many choices to make: they must preprocess the data, select features, possibly reduce the dimension, select an estimation algorithm, and choose hyperparameters for each of these pipeline components. with new pipeline components comes a combinatorial explosion in the number of choices! in this work, we design a new automl system to address this challenge: an automated system to design a supervised learning pipeline. our system uses matrix and tensor factorization as surrogate models to model the combinatorial pipeline search space. under these models, we develop greedy experiment design protocols to efficiently gather information about a new dataset. experiments on large corpora of real-world classification problems demonstrate the effectiveness of our approach."
Ziyang Wu,Ziyang Wu,1,http://arxiv.org/abs/2006.04216v1,cs.AI;cs.LG;stat.ML,"efficient automl pipeline search with matrix and tensor factorization. data scientists seeking a good supervised learning model on a new dataset have many choices to make: they must preprocess the data, select features, possibly reduce the dimension, select an estimation algorithm, and choose hyperparameters for each of these pipeline components. with new pipeline components comes a combinatorial explosion in the number of choices! in this work, we design a new automl system to address this challenge: an automated system to design a supervised learning pipeline. our system uses matrix and tensor factorization as surrogate models to model the combinatorial pipeline search space. under these models, we develop greedy experiment design protocols to efficiently gather information about a new dataset. experiments on large corpora of real-world classification problems demonstrate the effectiveness of our approach."
Madeleine Udell,Madeleine Udell,1,http://arxiv.org/abs/2006.04216v1,cs.AI;cs.LG;stat.ML,"efficient automl pipeline search with matrix and tensor factorization. data scientists seeking a good supervised learning model on a new dataset have many choices to make: they must preprocess the data, select features, possibly reduce the dimension, select an estimation algorithm, and choose hyperparameters for each of these pipeline components. with new pipeline components comes a combinatorial explosion in the number of choices! in this work, we design a new automl system to address this challenge: an automated system to design a supervised learning pipeline. our system uses matrix and tensor factorization as surrogate models to model the combinatorial pipeline search space. under these models, we develop greedy experiment design protocols to efficiently gather information about a new dataset. experiments on large corpora of real-world classification problems demonstrate the effectiveness of our approach."
Hiteshi Sharma,Hiteshi Sharma,1,http://arxiv.org/abs/2006.04331v2,cs.AI;cs.LG;stat.ML,"randomized policy learning for continuous state and action mdps. deep reinforcement learning methods have achieved state-of-the-art results in a variety of challenging, high-dimensional domains ranging from video games to locomotion. the key to success has been the use of deep neural networks used to approximate the policy and value function. yet, substantial tuning of weights is required for good results. we instead use randomized function approximation. such networks are not only cheaper than training fully connected networks but also improve the numerical performance. we present randpol, a generalized policy iteration algorithm for mdps with continuous state and action spaces. both the policy and value functions are represented with randomized networks. we also give finite time guarantees on the performance of the algorithm. then we show the numerical performance on challenging environments and compare them with deep neural network based algorithms."
Rahul Jain,Rahul Jain,1,http://arxiv.org/abs/2006.04331v2,cs.AI;cs.LG;stat.ML,"randomized policy learning for continuous state and action mdps. deep reinforcement learning methods have achieved state-of-the-art results in a variety of challenging, high-dimensional domains ranging from video games to locomotion. the key to success has been the use of deep neural networks used to approximate the policy and value function. yet, substantial tuning of weights is required for good results. we instead use randomized function approximation. such networks are not only cheaper than training fully connected networks but also improve the numerical performance. we present randpol, a generalized policy iteration algorithm for mdps with continuous state and action spaces. both the policy and value functions are represented with randomized networks. we also give finite time guarantees on the performance of the algorithm. then we show the numerical performance on challenging environments and compare them with deep neural network based algorithms."
Laura Giordano,Laura Giordano,1,http://arxiv.org/abs/2006.04387v2,cs.AI,"an asp approach for reasoning in a concept-aware multipreferential lightweight dl. in this paper we develop a concept aware multi-preferential semantics for dealing with typicality in description logics, where preferences are associated with concepts, starting from a collection of ranked tboxes containing defeasible concept inclusions. preferences are combined to define a preferential interpretation in which defeasible inclusions can be evaluated. the construction of the concept-aware multipreference semantics is related to brewka's framework for qualitative preferences. we exploit answer set programming (in particular, asprin) to achieve defeasible reasoning under the multipreference approach for the lightweight description logic el+bot. the paper is under consideration for acceptance in tplp."
Daniele Theseider Dupré,Daniele Theseider Dupré,1,http://arxiv.org/abs/2006.04387v2,cs.AI,"an asp approach for reasoning in a concept-aware multipreferential lightweight dl. in this paper we develop a concept aware multi-preferential semantics for dealing with typicality in description logics, where preferences are associated with concepts, starting from a collection of ranked tboxes containing defeasible concept inclusions. preferences are combined to define a preferential interpretation in which defeasible inclusions can be evaluated. the construction of the concept-aware multipreference semantics is related to brewka's framework for qualitative preferences. we exploit answer set programming (in particular, asprin) to achieve defeasible reasoning under the multipreference approach for the lightweight description logic el+bot. the paper is under consideration for acceptance in tplp."
Xiang Li,Xiang Li,1,http://arxiv.org/abs/2006.04435v1,cs.AI;cs.LG;stat.ML,"cast: a correlation-based adaptive spectral clustering algorithm on multi-scale data. we study the problem of applying spectral clustering to cluster multi-scale data, which is data whose clusters are of various sizes and densities. traditional spectral clustering techniques discover clusters by processing a similarity matrix that reflects the proximity of objects. for multi-scale data, distance-based similarity is not effective because objects of a sparse cluster could be far apart while those of a dense cluster have to be sufficiently close. following [16], we solve the problem of spectral clustering on multi-scale data by integrating the concept of objects' ""reachability similarity"" with a given distance-based similarity to derive an objects' coefficient matrix. we propose the algorithm cast that applies trace lasso to regularize the coefficient matrix. we prove that the resulting coefficient matrix has the ""grouping effect"" and that it exhibits ""sparsity"". we show that these two characteristics imply very effective spectral clustering. we evaluate cast and 10 other clustering methods on a wide range of datasets w.r.t. various measures. experimental results show that cast provides excellent performance and is highly robust across test cases of multi-scale data."
Ben Kao,Ben Kao,1,http://arxiv.org/abs/2006.04435v1,cs.AI;cs.LG;stat.ML,"cast: a correlation-based adaptive spectral clustering algorithm on multi-scale data. we study the problem of applying spectral clustering to cluster multi-scale data, which is data whose clusters are of various sizes and densities. traditional spectral clustering techniques discover clusters by processing a similarity matrix that reflects the proximity of objects. for multi-scale data, distance-based similarity is not effective because objects of a sparse cluster could be far apart while those of a dense cluster have to be sufficiently close. following [16], we solve the problem of spectral clustering on multi-scale data by integrating the concept of objects' ""reachability similarity"" with a given distance-based similarity to derive an objects' coefficient matrix. we propose the algorithm cast that applies trace lasso to regularize the coefficient matrix. we prove that the resulting coefficient matrix has the ""grouping effect"" and that it exhibits ""sparsity"". we show that these two characteristics imply very effective spectral clustering. we evaluate cast and 10 other clustering methods on a wide range of datasets w.r.t. various measures. experimental results show that cast provides excellent performance and is highly robust across test cases of multi-scale data."
Caihua Shan,Caihua Shan,1,http://arxiv.org/abs/2006.04435v1,cs.AI;cs.LG;stat.ML,"cast: a correlation-based adaptive spectral clustering algorithm on multi-scale data. we study the problem of applying spectral clustering to cluster multi-scale data, which is data whose clusters are of various sizes and densities. traditional spectral clustering techniques discover clusters by processing a similarity matrix that reflects the proximity of objects. for multi-scale data, distance-based similarity is not effective because objects of a sparse cluster could be far apart while those of a dense cluster have to be sufficiently close. following [16], we solve the problem of spectral clustering on multi-scale data by integrating the concept of objects' ""reachability similarity"" with a given distance-based similarity to derive an objects' coefficient matrix. we propose the algorithm cast that applies trace lasso to regularize the coefficient matrix. we prove that the resulting coefficient matrix has the ""grouping effect"" and that it exhibits ""sparsity"". we show that these two characteristics imply very effective spectral clustering. we evaluate cast and 10 other clustering methods on a wide range of datasets w.r.t. various measures. experimental results show that cast provides excellent performance and is highly robust across test cases of multi-scale data."
Dawei Yin,Dawei Yin,1,http://arxiv.org/abs/2006.04435v1,cs.AI;cs.LG;stat.ML,"cast: a correlation-based adaptive spectral clustering algorithm on multi-scale data. we study the problem of applying spectral clustering to cluster multi-scale data, which is data whose clusters are of various sizes and densities. traditional spectral clustering techniques discover clusters by processing a similarity matrix that reflects the proximity of objects. for multi-scale data, distance-based similarity is not effective because objects of a sparse cluster could be far apart while those of a dense cluster have to be sufficiently close. following [16], we solve the problem of spectral clustering on multi-scale data by integrating the concept of objects' ""reachability similarity"" with a given distance-based similarity to derive an objects' coefficient matrix. we propose the algorithm cast that applies trace lasso to regularize the coefficient matrix. we prove that the resulting coefficient matrix has the ""grouping effect"" and that it exhibits ""sparsity"". we show that these two characteristics imply very effective spectral clustering. we evaluate cast and 10 other clustering methods on a wide range of datasets w.r.t. various measures. experimental results show that cast provides excellent performance and is highly robust across test cases of multi-scale data."
Martin Ester,Martin Ester,1,http://arxiv.org/abs/2006.04435v1,cs.AI;cs.LG;stat.ML,"cast: a correlation-based adaptive spectral clustering algorithm on multi-scale data. we study the problem of applying spectral clustering to cluster multi-scale data, which is data whose clusters are of various sizes and densities. traditional spectral clustering techniques discover clusters by processing a similarity matrix that reflects the proximity of objects. for multi-scale data, distance-based similarity is not effective because objects of a sparse cluster could be far apart while those of a dense cluster have to be sufficiently close. following [16], we solve the problem of spectral clustering on multi-scale data by integrating the concept of objects' ""reachability similarity"" with a given distance-based similarity to derive an objects' coefficient matrix. we propose the algorithm cast that applies trace lasso to regularize the coefficient matrix. we prove that the resulting coefficient matrix has the ""grouping effect"" and that it exhibits ""sparsity"". we show that these two characteristics imply very effective spectral clustering. we evaluate cast and 10 other clustering methods on a wide range of datasets w.r.t. various measures. experimental results show that cast provides excellent performance and is highly robust across test cases of multi-scale data."
Gal Bahar,Gal Bahar,1,http://arxiv.org/abs/2006.04497v1,cs.AI;cs.CY;cs.GT;cs.LG,"learning under invariable bayesian safety. a recent body of work addresses safety constraints in explore-and-exploit systems. such constraints arise where, for example, exploration is carried out by individuals whose welfare should be balanced with overall welfare. in this paper, we adopt a model inspired by recent work on a bandit-like setting for recommendations. we contribute to this line of literature by introducing a safety constraint that should be respected in every round and determines that the expected value in each round is above a given threshold. due to our modeling, the safe explore-and-exploit policy deserves careful planning, or otherwise, it will lead to sub-optimal welfare. we devise an asymptotically optimal algorithm for the setting and analyze its instance-dependent convergence rate."
Omer Ben-Porat,Omer Ben-Porat,1,http://arxiv.org/abs/2006.04497v1,cs.AI;cs.CY;cs.GT;cs.LG,"learning under invariable bayesian safety. a recent body of work addresses safety constraints in explore-and-exploit systems. such constraints arise where, for example, exploration is carried out by individuals whose welfare should be balanced with overall welfare. in this paper, we adopt a model inspired by recent work on a bandit-like setting for recommendations. we contribute to this line of literature by introducing a safety constraint that should be respected in every round and determines that the expected value in each round is above a given threshold. due to our modeling, the safe explore-and-exploit policy deserves careful planning, or otherwise, it will lead to sub-optimal welfare. we devise an asymptotically optimal algorithm for the setting and analyze its instance-dependent convergence rate."
Kevin Leyton-Brown,Kevin Leyton-Brown,1,http://arxiv.org/abs/2006.04497v1,cs.AI;cs.CY;cs.GT;cs.LG,"learning under invariable bayesian safety. a recent body of work addresses safety constraints in explore-and-exploit systems. such constraints arise where, for example, exploration is carried out by individuals whose welfare should be balanced with overall welfare. in this paper, we adopt a model inspired by recent work on a bandit-like setting for recommendations. we contribute to this line of literature by introducing a safety constraint that should be respected in every round and determines that the expected value in each round is above a given threshold. due to our modeling, the safe explore-and-exploit policy deserves careful planning, or otherwise, it will lead to sub-optimal welfare. we devise an asymptotically optimal algorithm for the setting and analyze its instance-dependent convergence rate."
Moshe Tennenholtz,Moshe Tennenholtz,1,http://arxiv.org/abs/2006.04497v1,cs.AI;cs.CY;cs.GT;cs.LG,"learning under invariable bayesian safety. a recent body of work addresses safety constraints in explore-and-exploit systems. such constraints arise where, for example, exploration is carried out by individuals whose welfare should be balanced with overall welfare. in this paper, we adopt a model inspired by recent work on a bandit-like setting for recommendations. we contribute to this line of literature by introducing a safety constraint that should be respected in every round and determines that the expected value in each round is above a given threshold. due to our modeling, the safe explore-and-exploit policy deserves careful planning, or otherwise, it will lead to sub-optimal welfare. we devise an asymptotically optimal algorithm for the setting and analyze its instance-dependent convergence rate."
Osonde A. Osoba,Osonde A. Osoba,1,http://arxiv.org/abs/2006.05048v3,cs.AI;cs.LG;cs.MA,"policy-focused agent-based modeling using rl behavioral models. agent-based models (abms) are valuable tools for policy analysis. abms help analysts explore the emergent consequences of policy interventions in multi-agent decision-making settings. but the validity of inferences drawn from abm explorations depends on the quality of the abm agents' behavioral models. standard specifications of agent behavioral models rely either on heuristic decision-making rules or on regressions trained on past data. both prior specification modes have limitations. this paper examines the value of reinforcement learning (rl) models as adaptive, high-performing, and behaviorally-valid models of agent decision-making in abms. we test the hypothesis that rl agents are effective as utility-maximizing agents in policy abms. we also address the problem of adapting rl algorithms to handle multi-agency in games by adapting and extending methods from recent literature. we evaluate the performance of such rl-based abm agents via experiments on two policy-relevant abms: a minority game abm, and an abm of influenza transmission. we run some analytic experiments on our ai-equipped abms e.g. explorations of the effects of behavioral heterogeneity in a population and the emergence of synchronization in a population. the experiments show that rl behavioral models are effective at producing reward-seeking or reward-maximizing behaviors in abm agents. furthermore, rl behavioral models can learn to outperform the default adaptive behavioral models in the two abms examined."
Raffaele Vardavas,Raffaele Vardavas,1,http://arxiv.org/abs/2006.05048v3,cs.AI;cs.LG;cs.MA,"policy-focused agent-based modeling using rl behavioral models. agent-based models (abms) are valuable tools for policy analysis. abms help analysts explore the emergent consequences of policy interventions in multi-agent decision-making settings. but the validity of inferences drawn from abm explorations depends on the quality of the abm agents' behavioral models. standard specifications of agent behavioral models rely either on heuristic decision-making rules or on regressions trained on past data. both prior specification modes have limitations. this paper examines the value of reinforcement learning (rl) models as adaptive, high-performing, and behaviorally-valid models of agent decision-making in abms. we test the hypothesis that rl agents are effective as utility-maximizing agents in policy abms. we also address the problem of adapting rl algorithms to handle multi-agency in games by adapting and extending methods from recent literature. we evaluate the performance of such rl-based abm agents via experiments on two policy-relevant abms: a minority game abm, and an abm of influenza transmission. we run some analytic experiments on our ai-equipped abms e.g. explorations of the effects of behavioral heterogeneity in a population and the emergence of synchronization in a population. the experiments show that rl behavioral models are effective at producing reward-seeking or reward-maximizing behaviors in abm agents. furthermore, rl behavioral models can learn to outperform the default adaptive behavioral models in the two abms examined."
Justin Grana,Justin Grana,1,http://arxiv.org/abs/2006.05048v3,cs.AI;cs.LG;cs.MA,"policy-focused agent-based modeling using rl behavioral models. agent-based models (abms) are valuable tools for policy analysis. abms help analysts explore the emergent consequences of policy interventions in multi-agent decision-making settings. but the validity of inferences drawn from abm explorations depends on the quality of the abm agents' behavioral models. standard specifications of agent behavioral models rely either on heuristic decision-making rules or on regressions trained on past data. both prior specification modes have limitations. this paper examines the value of reinforcement learning (rl) models as adaptive, high-performing, and behaviorally-valid models of agent decision-making in abms. we test the hypothesis that rl agents are effective as utility-maximizing agents in policy abms. we also address the problem of adapting rl algorithms to handle multi-agency in games by adapting and extending methods from recent literature. we evaluate the performance of such rl-based abm agents via experiments on two policy-relevant abms: a minority game abm, and an abm of influenza transmission. we run some analytic experiments on our ai-equipped abms e.g. explorations of the effects of behavioral heterogeneity in a population and the emergence of synchronization in a population. the experiments show that rl behavioral models are effective at producing reward-seeking or reward-maximizing behaviors in abm agents. furthermore, rl behavioral models can learn to outperform the default adaptive behavioral models in the two abms examined."
Rushil Zutshi,Rushil Zutshi,1,http://arxiv.org/abs/2006.05048v3,cs.AI;cs.LG;cs.MA,"policy-focused agent-based modeling using rl behavioral models. agent-based models (abms) are valuable tools for policy analysis. abms help analysts explore the emergent consequences of policy interventions in multi-agent decision-making settings. but the validity of inferences drawn from abm explorations depends on the quality of the abm agents' behavioral models. standard specifications of agent behavioral models rely either on heuristic decision-making rules or on regressions trained on past data. both prior specification modes have limitations. this paper examines the value of reinforcement learning (rl) models as adaptive, high-performing, and behaviorally-valid models of agent decision-making in abms. we test the hypothesis that rl agents are effective as utility-maximizing agents in policy abms. we also address the problem of adapting rl algorithms to handle multi-agency in games by adapting and extending methods from recent literature. we evaluate the performance of such rl-based abm agents via experiments on two policy-relevant abms: a minority game abm, and an abm of influenza transmission. we run some analytic experiments on our ai-equipped abms e.g. explorations of the effects of behavioral heterogeneity in a population and the emergence of synchronization in a population. the experiments show that rl behavioral models are effective at producing reward-seeking or reward-maximizing behaviors in abm agents. furthermore, rl behavioral models can learn to outperform the default adaptive behavioral models in the two abms examined."
Amber Jaycocks,Amber Jaycocks,1,http://arxiv.org/abs/2006.05048v3,cs.AI;cs.LG;cs.MA,"policy-focused agent-based modeling using rl behavioral models. agent-based models (abms) are valuable tools for policy analysis. abms help analysts explore the emergent consequences of policy interventions in multi-agent decision-making settings. but the validity of inferences drawn from abm explorations depends on the quality of the abm agents' behavioral models. standard specifications of agent behavioral models rely either on heuristic decision-making rules or on regressions trained on past data. both prior specification modes have limitations. this paper examines the value of reinforcement learning (rl) models as adaptive, high-performing, and behaviorally-valid models of agent decision-making in abms. we test the hypothesis that rl agents are effective as utility-maximizing agents in policy abms. we also address the problem of adapting rl algorithms to handle multi-agency in games by adapting and extending methods from recent literature. we evaluate the performance of such rl-based abm agents via experiments on two policy-relevant abms: a minority game abm, and an abm of influenza transmission. we run some analytic experiments on our ai-equipped abms e.g. explorations of the effects of behavioral heterogeneity in a population and the emergence of synchronization in a population. the experiments show that rl behavioral models are effective at producing reward-seeking or reward-maximizing behaviors in abm agents. furthermore, rl behavioral models can learn to outperform the default adaptive behavioral models in the two abms examined."
Hebi Li,Hebi Li,1,http://arxiv.org/abs/2006.04697v1,cs.AI;cs.LG;stat.ML,"supervised whole dag causal discovery. we propose to address the task of causal structure learning from data in a supervised manner. existing work on learning causal directions by supervised learning is restricted to learning pairwise relation, and not well suited for whole dag discovery. we propose a novel approach of modeling the whole dag structure discovery as a supervised learning. to fit the problem in hand, we propose to use permutation equivariant models that align well with the problem domain. we evaluate the proposed approach extensively on synthetic graphs of size 10,20,50,100 and real data, and show promising results compared with a variety of previous approaches."
Qi Xiao,Qi Xiao,1,http://arxiv.org/abs/2006.04697v1,cs.AI;cs.LG;stat.ML,"supervised whole dag causal discovery. we propose to address the task of causal structure learning from data in a supervised manner. existing work on learning causal directions by supervised learning is restricted to learning pairwise relation, and not well suited for whole dag discovery. we propose a novel approach of modeling the whole dag structure discovery as a supervised learning. to fit the problem in hand, we propose to use permutation equivariant models that align well with the problem domain. we evaluate the proposed approach extensively on synthetic graphs of size 10,20,50,100 and real data, and show promising results compared with a variety of previous approaches."
Jin Tian,Jin Tian,1,http://arxiv.org/abs/2006.04697v1,cs.AI;cs.LG;stat.ML,"supervised whole dag causal discovery. we propose to address the task of causal structure learning from data in a supervised manner. existing work on learning causal directions by supervised learning is restricted to learning pairwise relation, and not well suited for whole dag discovery. we propose a novel approach of modeling the whole dag structure discovery as a supervised learning. to fit the problem in hand, we propose to use permutation equivariant models that align well with the problem domain. we evaluate the proposed approach extensively on synthetic graphs of size 10,20,50,100 and real data, and show promising results compared with a variety of previous approaches."
Qipeng Guo,Qipeng Guo,1,http://arxiv.org/abs/2006.04702v3,cs.AI;cs.CL;cs.LG,"cyclegt: unsupervised graph-to-text and text-to-graph generation via cycle training. two important tasks at the intersection of knowledge graphs and natural language processing are graph-to-text (g2t) and text-to-graph (t2g) conversion. due to the difficulty and high cost of data collection, the supervised data available in the two fields are usually on the magnitude of tens of thousands, for example, 18k in the webnlg~2017 dataset after preprocessing, which is far fewer than the millions of data for other tasks such as machine translation. consequently, deep learning models for g2t and t2g suffer largely from scarce training data. we present cyclegt, an unsupervised training method that can bootstrap from fully non-parallel graph and text data, and iteratively back translate between the two forms. experiments on webnlg datasets show that our unsupervised model trained on the same number of data achieves performance on par with several fully supervised models. further experiments on the non-parallel genwiki dataset verify that our method performs the best among unsupervised baselines. this validates our framework as an effective approach to overcome the data scarcity problem in the fields of g2t and t2g. our code is available at https://github.com/qipengguo/cyclegt."
Zhijing Jin,Zhijing Jin,1,http://arxiv.org/abs/2006.04702v3,cs.AI;cs.CL;cs.LG,"cyclegt: unsupervised graph-to-text and text-to-graph generation via cycle training. two important tasks at the intersection of knowledge graphs and natural language processing are graph-to-text (g2t) and text-to-graph (t2g) conversion. due to the difficulty and high cost of data collection, the supervised data available in the two fields are usually on the magnitude of tens of thousands, for example, 18k in the webnlg~2017 dataset after preprocessing, which is far fewer than the millions of data for other tasks such as machine translation. consequently, deep learning models for g2t and t2g suffer largely from scarce training data. we present cyclegt, an unsupervised training method that can bootstrap from fully non-parallel graph and text data, and iteratively back translate between the two forms. experiments on webnlg datasets show that our unsupervised model trained on the same number of data achieves performance on par with several fully supervised models. further experiments on the non-parallel genwiki dataset verify that our method performs the best among unsupervised baselines. this validates our framework as an effective approach to overcome the data scarcity problem in the fields of g2t and t2g. our code is available at https://github.com/qipengguo/cyclegt."
Xipeng Qiu,Xipeng Qiu,1,http://arxiv.org/abs/2006.04702v3,cs.AI;cs.CL;cs.LG,"cyclegt: unsupervised graph-to-text and text-to-graph generation via cycle training. two important tasks at the intersection of knowledge graphs and natural language processing are graph-to-text (g2t) and text-to-graph (t2g) conversion. due to the difficulty and high cost of data collection, the supervised data available in the two fields are usually on the magnitude of tens of thousands, for example, 18k in the webnlg~2017 dataset after preprocessing, which is far fewer than the millions of data for other tasks such as machine translation. consequently, deep learning models for g2t and t2g suffer largely from scarce training data. we present cyclegt, an unsupervised training method that can bootstrap from fully non-parallel graph and text data, and iteratively back translate between the two forms. experiments on webnlg datasets show that our unsupervised model trained on the same number of data achieves performance on par with several fully supervised models. further experiments on the non-parallel genwiki dataset verify that our method performs the best among unsupervised baselines. this validates our framework as an effective approach to overcome the data scarcity problem in the fields of g2t and t2g. our code is available at https://github.com/qipengguo/cyclegt."
Weinan Zhang,Weinan Zhang,1,http://arxiv.org/abs/2006.04702v3,cs.AI;cs.CL;cs.LG,"cyclegt: unsupervised graph-to-text and text-to-graph generation via cycle training. two important tasks at the intersection of knowledge graphs and natural language processing are graph-to-text (g2t) and text-to-graph (t2g) conversion. due to the difficulty and high cost of data collection, the supervised data available in the two fields are usually on the magnitude of tens of thousands, for example, 18k in the webnlg~2017 dataset after preprocessing, which is far fewer than the millions of data for other tasks such as machine translation. consequently, deep learning models for g2t and t2g suffer largely from scarce training data. we present cyclegt, an unsupervised training method that can bootstrap from fully non-parallel graph and text data, and iteratively back translate between the two forms. experiments on webnlg datasets show that our unsupervised model trained on the same number of data achieves performance on par with several fully supervised models. further experiments on the non-parallel genwiki dataset verify that our method performs the best among unsupervised baselines. this validates our framework as an effective approach to overcome the data scarcity problem in the fields of g2t and t2g. our code is available at https://github.com/qipengguo/cyclegt."
David Wipf,David Wipf,1,http://arxiv.org/abs/2006.04702v3,cs.AI;cs.CL;cs.LG,"cyclegt: unsupervised graph-to-text and text-to-graph generation via cycle training. two important tasks at the intersection of knowledge graphs and natural language processing are graph-to-text (g2t) and text-to-graph (t2g) conversion. due to the difficulty and high cost of data collection, the supervised data available in the two fields are usually on the magnitude of tens of thousands, for example, 18k in the webnlg~2017 dataset after preprocessing, which is far fewer than the millions of data for other tasks such as machine translation. consequently, deep learning models for g2t and t2g suffer largely from scarce training data. we present cyclegt, an unsupervised training method that can bootstrap from fully non-parallel graph and text data, and iteratively back translate between the two forms. experiments on webnlg datasets show that our unsupervised model trained on the same number of data achieves performance on par with several fully supervised models. further experiments on the non-parallel genwiki dataset verify that our method performs the best among unsupervised baselines. this validates our framework as an effective approach to overcome the data scarcity problem in the fields of g2t and t2g. our code is available at https://github.com/qipengguo/cyclegt."
Zheng Zhang,Zheng Zhang,1,http://arxiv.org/abs/2006.04702v3,cs.AI;cs.CL;cs.LG,"cyclegt: unsupervised graph-to-text and text-to-graph generation via cycle training. two important tasks at the intersection of knowledge graphs and natural language processing are graph-to-text (g2t) and text-to-graph (t2g) conversion. due to the difficulty and high cost of data collection, the supervised data available in the two fields are usually on the magnitude of tens of thousands, for example, 18k in the webnlg~2017 dataset after preprocessing, which is far fewer than the millions of data for other tasks such as machine translation. consequently, deep learning models for g2t and t2g suffer largely from scarce training data. we present cyclegt, an unsupervised training method that can bootstrap from fully non-parallel graph and text data, and iteratively back translate between the two forms. experiments on webnlg datasets show that our unsupervised model trained on the same number of data achieves performance on par with several fully supervised models. further experiments on the non-parallel genwiki dataset verify that our method performs the best among unsupervised baselines. this validates our framework as an effective approach to overcome the data scarcity problem in the fields of g2t and t2g. our code is available at https://github.com/qipengguo/cyclegt."
Daniel Schiff,Daniel Schiff,1,http://arxiv.org/abs/2006.04707v1,cs.AI;cs.CY,"principles to practices for responsible ai: closing the gap. companies have considered adoption of various high-level artificial intelligence (ai) principles for responsible ai, but there is less clarity on how to implement these principles as organizational practices. this paper reviews the principles-to-practices gap. we outline five explanations for this gap ranging from a disciplinary divide to an overabundance of tools. in turn, we argue that an impact assessment framework which is broad, operationalizable, flexible, iterative, guided, and participatory is a promising approach to close the principles-to-practices gap. finally, to help practitioners with applying these recommendations, we review a case study of ai's use in forest ecosystem restoration, demonstrating how an impact assessment framework can translate into effective and responsible ai practices."
Bogdana Rakova,Bogdana Rakova,1,http://arxiv.org/abs/2006.04707v1,cs.AI;cs.CY,"principles to practices for responsible ai: closing the gap. companies have considered adoption of various high-level artificial intelligence (ai) principles for responsible ai, but there is less clarity on how to implement these principles as organizational practices. this paper reviews the principles-to-practices gap. we outline five explanations for this gap ranging from a disciplinary divide to an overabundance of tools. in turn, we argue that an impact assessment framework which is broad, operationalizable, flexible, iterative, guided, and participatory is a promising approach to close the principles-to-practices gap. finally, to help practitioners with applying these recommendations, we review a case study of ai's use in forest ecosystem restoration, demonstrating how an impact assessment framework can translate into effective and responsible ai practices."
Aladdin Ayesh,Aladdin Ayesh,1,http://arxiv.org/abs/2006.04707v1,cs.AI;cs.CY,"principles to practices for responsible ai: closing the gap. companies have considered adoption of various high-level artificial intelligence (ai) principles for responsible ai, but there is less clarity on how to implement these principles as organizational practices. this paper reviews the principles-to-practices gap. we outline five explanations for this gap ranging from a disciplinary divide to an overabundance of tools. in turn, we argue that an impact assessment framework which is broad, operationalizable, flexible, iterative, guided, and participatory is a promising approach to close the principles-to-practices gap. finally, to help practitioners with applying these recommendations, we review a case study of ai's use in forest ecosystem restoration, demonstrating how an impact assessment framework can translate into effective and responsible ai practices."
Anat Fanti,Anat Fanti,1,http://arxiv.org/abs/2006.04707v1,cs.AI;cs.CY,"principles to practices for responsible ai: closing the gap. companies have considered adoption of various high-level artificial intelligence (ai) principles for responsible ai, but there is less clarity on how to implement these principles as organizational practices. this paper reviews the principles-to-practices gap. we outline five explanations for this gap ranging from a disciplinary divide to an overabundance of tools. in turn, we argue that an impact assessment framework which is broad, operationalizable, flexible, iterative, guided, and participatory is a promising approach to close the principles-to-practices gap. finally, to help practitioners with applying these recommendations, we review a case study of ai's use in forest ecosystem restoration, demonstrating how an impact assessment framework can translate into effective and responsible ai practices."
Michael Lennon,Michael Lennon,1,http://arxiv.org/abs/2006.04707v1,cs.AI;cs.CY,"principles to practices for responsible ai: closing the gap. companies have considered adoption of various high-level artificial intelligence (ai) principles for responsible ai, but there is less clarity on how to implement these principles as organizational practices. this paper reviews the principles-to-practices gap. we outline five explanations for this gap ranging from a disciplinary divide to an overabundance of tools. in turn, we argue that an impact assessment framework which is broad, operationalizable, flexible, iterative, guided, and participatory is a promising approach to close the principles-to-practices gap. finally, to help practitioners with applying these recommendations, we review a case study of ai's use in forest ecosystem restoration, demonstrating how an impact assessment framework can translate into effective and responsible ai practices."
Markus N. Rabe,Markus N. Rabe,1,http://arxiv.org/abs/2006.04757v3,cs.AI;cs.LG;cs.PL;stat.ML,"mathematical reasoning via self-supervised skip-tree training. we examine whether self-supervised language modeling applied to mathematical formulas enables logical reasoning. we suggest several logical reasoning tasks that can be used to evaluate language models trained on formal mathematical statements, such as type inference, suggesting missing assumptions and completing equalities. to train language models for formal mathematics, we propose a novel skip-tree task. we find that models trained on the skip-tree task show surprisingly strong mathematical reasoning abilities, and outperform models trained on standard skip-sequence tasks. we also analyze the models' ability to formulate new conjectures by measuring how often the predictions are provable and useful in other proofs."
Dennis Lee,Dennis Lee,1,http://arxiv.org/abs/2006.04757v3,cs.AI;cs.LG;cs.PL;stat.ML,"mathematical reasoning via self-supervised skip-tree training. we examine whether self-supervised language modeling applied to mathematical formulas enables logical reasoning. we suggest several logical reasoning tasks that can be used to evaluate language models trained on formal mathematical statements, such as type inference, suggesting missing assumptions and completing equalities. to train language models for formal mathematics, we propose a novel skip-tree task. we find that models trained on the skip-tree task show surprisingly strong mathematical reasoning abilities, and outperform models trained on standard skip-sequence tasks. we also analyze the models' ability to formulate new conjectures by measuring how often the predictions are provable and useful in other proofs."
Kshitij Bansal,Kshitij Bansal,1,http://arxiv.org/abs/2006.04757v3,cs.AI;cs.LG;cs.PL;stat.ML,"mathematical reasoning via self-supervised skip-tree training. we examine whether self-supervised language modeling applied to mathematical formulas enables logical reasoning. we suggest several logical reasoning tasks that can be used to evaluate language models trained on formal mathematical statements, such as type inference, suggesting missing assumptions and completing equalities. to train language models for formal mathematics, we propose a novel skip-tree task. we find that models trained on the skip-tree task show surprisingly strong mathematical reasoning abilities, and outperform models trained on standard skip-sequence tasks. we also analyze the models' ability to formulate new conjectures by measuring how often the predictions are provable and useful in other proofs."
Christian Szegedy,Christian Szegedy,1,http://arxiv.org/abs/2006.04757v3,cs.AI;cs.LG;cs.PL;stat.ML,"mathematical reasoning via self-supervised skip-tree training. we examine whether self-supervised language modeling applied to mathematical formulas enables logical reasoning. we suggest several logical reasoning tasks that can be used to evaluate language models trained on formal mathematical statements, such as type inference, suggesting missing assumptions and completing equalities. to train language models for formal mathematics, we propose a novel skip-tree task. we find that models trained on the skip-tree task show surprisingly strong mathematical reasoning abilities, and outperform models trained on standard skip-sequence tasks. we also analyze the models' ability to formulate new conjectures by measuring how often the predictions are provable and useful in other proofs."
Nazneen N Sultana,Nazneen N Sultana,1,http://arxiv.org/abs/2006.04037v1,cs.AI;cs.LG;cs.MA;stat.ML,"reinforcement learning for multi-product multi-node inventory management in supply chains. this paper describes the application of reinforcement learning (rl) to multi-product inventory management in supply chains. the problem description and solution are both adapted from a real-world business solution. the novelty of this problem with respect to supply chain literature is (i) we consider concurrent inventory management of a large number (50 to 1000) of products with shared capacity, (ii) we consider a multi-node supply chain consisting of a warehouse which supplies three stores, (iii) the warehouse, stores, and transportation from warehouse to stores have finite capacities, (iv) warehouse and store replenishment happen at different time scales and with realistic time lags, and (v) demand for products at the stores is stochastic. we describe a novel formulation in a multi-agent (hierarchical) reinforcement learning framework that can be used for parallelised decision-making, and use the advantage actor critic (a2c) algorithm with quantised action spaces to solve the problem. experiments show that the proposed approach is able to handle a multi-objective reward comprised of maximising product sales and minimising wastage of perishable products."
Hardik Meisheri,Hardik Meisheri,1,http://arxiv.org/abs/2006.04037v1,cs.AI;cs.LG;cs.MA;stat.ML,"reinforcement learning for multi-product multi-node inventory management in supply chains. this paper describes the application of reinforcement learning (rl) to multi-product inventory management in supply chains. the problem description and solution are both adapted from a real-world business solution. the novelty of this problem with respect to supply chain literature is (i) we consider concurrent inventory management of a large number (50 to 1000) of products with shared capacity, (ii) we consider a multi-node supply chain consisting of a warehouse which supplies three stores, (iii) the warehouse, stores, and transportation from warehouse to stores have finite capacities, (iv) warehouse and store replenishment happen at different time scales and with realistic time lags, and (v) demand for products at the stores is stochastic. we describe a novel formulation in a multi-agent (hierarchical) reinforcement learning framework that can be used for parallelised decision-making, and use the advantage actor critic (a2c) algorithm with quantised action spaces to solve the problem. experiments show that the proposed approach is able to handle a multi-objective reward comprised of maximising product sales and minimising wastage of perishable products."
Vinita Baniwal,Vinita Baniwal,1,http://arxiv.org/abs/2006.04037v1,cs.AI;cs.LG;cs.MA;stat.ML,"reinforcement learning for multi-product multi-node inventory management in supply chains. this paper describes the application of reinforcement learning (rl) to multi-product inventory management in supply chains. the problem description and solution are both adapted from a real-world business solution. the novelty of this problem with respect to supply chain literature is (i) we consider concurrent inventory management of a large number (50 to 1000) of products with shared capacity, (ii) we consider a multi-node supply chain consisting of a warehouse which supplies three stores, (iii) the warehouse, stores, and transportation from warehouse to stores have finite capacities, (iv) warehouse and store replenishment happen at different time scales and with realistic time lags, and (v) demand for products at the stores is stochastic. we describe a novel formulation in a multi-agent (hierarchical) reinforcement learning framework that can be used for parallelised decision-making, and use the advantage actor critic (a2c) algorithm with quantised action spaces to solve the problem. experiments show that the proposed approach is able to handle a multi-objective reward comprised of maximising product sales and minimising wastage of perishable products."
Somjit Nath,Somjit Nath,1,http://arxiv.org/abs/2006.04037v1,cs.AI;cs.LG;cs.MA;stat.ML,"reinforcement learning for multi-product multi-node inventory management in supply chains. this paper describes the application of reinforcement learning (rl) to multi-product inventory management in supply chains. the problem description and solution are both adapted from a real-world business solution. the novelty of this problem with respect to supply chain literature is (i) we consider concurrent inventory management of a large number (50 to 1000) of products with shared capacity, (ii) we consider a multi-node supply chain consisting of a warehouse which supplies three stores, (iii) the warehouse, stores, and transportation from warehouse to stores have finite capacities, (iv) warehouse and store replenishment happen at different time scales and with realistic time lags, and (v) demand for products at the stores is stochastic. we describe a novel formulation in a multi-agent (hierarchical) reinforcement learning framework that can be used for parallelised decision-making, and use the advantage actor critic (a2c) algorithm with quantised action spaces to solve the problem. experiments show that the proposed approach is able to handle a multi-objective reward comprised of maximising product sales and minimising wastage of perishable products."
Balaraman Ravindran,Balaraman Ravindran,1,http://arxiv.org/abs/2006.04037v1,cs.AI;cs.LG;cs.MA;stat.ML,"reinforcement learning for multi-product multi-node inventory management in supply chains. this paper describes the application of reinforcement learning (rl) to multi-product inventory management in supply chains. the problem description and solution are both adapted from a real-world business solution. the novelty of this problem with respect to supply chain literature is (i) we consider concurrent inventory management of a large number (50 to 1000) of products with shared capacity, (ii) we consider a multi-node supply chain consisting of a warehouse which supplies three stores, (iii) the warehouse, stores, and transportation from warehouse to stores have finite capacities, (iv) warehouse and store replenishment happen at different time scales and with realistic time lags, and (v) demand for products at the stores is stochastic. we describe a novel formulation in a multi-agent (hierarchical) reinforcement learning framework that can be used for parallelised decision-making, and use the advantage actor critic (a2c) algorithm with quantised action spaces to solve the problem. experiments show that the proposed approach is able to handle a multi-objective reward comprised of maximising product sales and minimising wastage of perishable products."
Harshad Khadilkar,Harshad Khadilkar,1,http://arxiv.org/abs/2006.04037v1,cs.AI;cs.LG;cs.MA;stat.ML,"reinforcement learning for multi-product multi-node inventory management in supply chains. this paper describes the application of reinforcement learning (rl) to multi-product inventory management in supply chains. the problem description and solution are both adapted from a real-world business solution. the novelty of this problem with respect to supply chain literature is (i) we consider concurrent inventory management of a large number (50 to 1000) of products with shared capacity, (ii) we consider a multi-node supply chain consisting of a warehouse which supplies three stores, (iii) the warehouse, stores, and transportation from warehouse to stores have finite capacities, (iv) warehouse and store replenishment happen at different time scales and with realistic time lags, and (v) demand for products at the stores is stochastic. we describe a novel formulation in a multi-agent (hierarchical) reinforcement learning framework that can be used for parallelised decision-making, and use the advantage actor critic (a2c) algorithm with quantised action spaces to solve the problem. experiments show that the proposed approach is able to handle a multi-objective reward comprised of maximising product sales and minimising wastage of perishable products."
Maulik R. Kamdar,Maulik R. Kamdar,1,http://arxiv.org/abs/2006.04161v1,cs.AI,"an empirical meta-analysis of the life sciences (linked?) open data on the web. while the biomedical community has published several ""open data"" sources in the last decade, most researchers still endure severe logistical and technical challenges to discover, query, and integrate heterogeneous data and knowledge from multiple sources. to tackle these challenges, the community has experimented with semantic web and linked data technologies to create the life sciences linked open data (lslod) cloud. in this paper, we extract schemas from more than 80 publicly available biomedical linked data graphs into an lslod schema graph and conduct an empirical meta-analysis to evaluate the extent of semantic heterogeneity across the lslod cloud. we observe that several lslod sources exist as stand-alone data sources that are not inter-linked with other sources, use unpublished schemas with minimal reuse or mappings, and have elements that are not useful for data integration from a biomedical perspective. we envision that the lslod schema graph and the findings from this research will aid researchers who wish to query and integrate data and knowledge from multiple biomedical sources simultaneously on the web."
Mark A. Musen,Mark A. Musen,1,http://arxiv.org/abs/2006.04161v1,cs.AI,"an empirical meta-analysis of the life sciences (linked?) open data on the web. while the biomedical community has published several ""open data"" sources in the last decade, most researchers still endure severe logistical and technical challenges to discover, query, and integrate heterogeneous data and knowledge from multiple sources. to tackle these challenges, the community has experimented with semantic web and linked data technologies to create the life sciences linked open data (lslod) cloud. in this paper, we extract schemas from more than 80 publicly available biomedical linked data graphs into an lslod schema graph and conduct an empirical meta-analysis to evaluate the extent of semantic heterogeneity across the lslod cloud. we observe that several lslod sources exist as stand-alone data sources that are not inter-linked with other sources, use unpublished schemas with minimal reuse or mappings, and have elements that are not useful for data integration from a biomedical perspective. we envision that the lslod schema graph and the findings from this research will aid researchers who wish to query and integrate data and knowledge from multiple biomedical sources simultaneously on the web."
Jesús Bobadilla,Jesús Bobadilla,1,http://arxiv.org/abs/2006.05255v1,cs.AI;cs.LG;stat.ML,"deepfair: deep learning for improving fairness in recommender systems. the lack of bias management in recommender systems leads to minority groups receiving unfair recommendations. moreover, the trade-off between equity and precision makes it difficult to obtain recommendations that meet both criteria. here we propose a deep learning based collaborative filtering algorithm that provides recommendations with an optimum balance between fairness and accuracy without knowing demographic information about the users. experimental results show that it is possible to make fair recommendations without losing a significant proportion of accuracy."
Raúl Lara-Cabrera,Raúl Lara-Cabrera,1,http://arxiv.org/abs/2006.05255v1,cs.AI;cs.LG;stat.ML,"deepfair: deep learning for improving fairness in recommender systems. the lack of bias management in recommender systems leads to minority groups receiving unfair recommendations. moreover, the trade-off between equity and precision makes it difficult to obtain recommendations that meet both criteria. here we propose a deep learning based collaborative filtering algorithm that provides recommendations with an optimum balance between fairness and accuracy without knowing demographic information about the users. experimental results show that it is possible to make fair recommendations without losing a significant proportion of accuracy."
Ángel González-Prieto,Ángel González-Prieto,1,http://arxiv.org/abs/2006.05255v1,cs.AI;cs.LG;stat.ML,"deepfair: deep learning for improving fairness in recommender systems. the lack of bias management in recommender systems leads to minority groups receiving unfair recommendations. moreover, the trade-off between equity and precision makes it difficult to obtain recommendations that meet both criteria. here we propose a deep learning based collaborative filtering algorithm that provides recommendations with an optimum balance between fairness and accuracy without knowing demographic information about the users. experimental results show that it is possible to make fair recommendations without losing a significant proportion of accuracy."
Fernando Ortega,Fernando Ortega,1,http://arxiv.org/abs/2006.05255v1,cs.AI;cs.LG;stat.ML,"deepfair: deep learning for improving fairness in recommender systems. the lack of bias management in recommender systems leads to minority groups receiving unfair recommendations. moreover, the trade-off between equity and precision makes it difficult to obtain recommendations that meet both criteria. here we propose a deep learning based collaborative filtering algorithm that provides recommendations with an optimum balance between fairness and accuracy without knowing demographic information about the users. experimental results show that it is possible to make fair recommendations without losing a significant proportion of accuracy."
Yutaka Nagashima,Yutaka Nagashima,1,http://arxiv.org/abs/2005.12737v1,cs.AI;cs.LO,"towards united reasoning for automatic induction in isabelle/hol. inductive theorem proving is an important long-standing challenge in computer science. in this extended abstract, we first summarize the recent developments of proof by induction for isabelle/hol. then, we propose united reasoning, a novel approach to further automating inductive theorem proving. upon success, united reasoning takes the best of three schools of reasoning: deductive reasoning, inductive reasoning, and inductive reasoning, to prove difficult inductive problems automatically."
Tao Liu,Tao Liu,1,http://arxiv.org/abs/2005.12826v2,cs.AI;cs.NE,"bhn: a brain-like heterogeneous network. the human brain works in an unsupervised way, and more than one brain region is essential for lighting up intelligence. inspired by this, we propose a brain-like heterogeneous network (bhn), which can cooperatively learn a lot of distributed representations and one global attention representation. by optimizing distributed, self-supervised, and gradient-isolated objective functions in a minimax fashion, our model improves its representations, which are generated from patches of pictures or frames of videos in experiments."
Antonio Prestes García,Antonio Prestes García,1,http://arxiv.org/abs/2005.12841v1,cs.AI;cs.NE,"applying evolutionary metaheuristics for parameter estimation of individual-based models. individual-based models are complex and they have usually an elevated number of input parameters which must be tuned for reproducing the observed population data or the experimental results as accurately as possible. thus, one of the weakest points of this modelling approach lies on the fact that rarely the modeler has the enough information about the correct values or even the acceptable range for the input parameters. consequently, several parameter combinations must be tried to find an acceptable set of input factors minimizing the deviations of simulated and the reference dataset. in practice, most of times, it is computationally unfeasible to traverse the complete search space trying all every possible combination to find the best of set of parameters. that is precisely an instance of a combinatorial problem which is suitable for being solved by metaheuristics and evolutionary computation techniques. in this work, we introduce evoper, an r package for simplifying the parameter estimation using evolutionary computation methods."
Alfonso Rodríguez-Patón,Alfonso Rodríguez-Patón,1,http://arxiv.org/abs/2005.12841v1,cs.AI;cs.NE,"applying evolutionary metaheuristics for parameter estimation of individual-based models. individual-based models are complex and they have usually an elevated number of input parameters which must be tuned for reproducing the observed population data or the experimental results as accurately as possible. thus, one of the weakest points of this modelling approach lies on the fact that rarely the modeler has the enough information about the correct values or even the acceptable range for the input parameters. consequently, several parameter combinations must be tried to find an acceptable set of input factors minimizing the deviations of simulated and the reference dataset. in practice, most of times, it is computationally unfeasible to traverse the complete search space trying all every possible combination to find the best of set of parameters. that is precisely an instance of a combinatorial problem which is suitable for being solved by metaheuristics and evolutionary computation techniques. in this work, we introduce evoper, an r package for simplifying the parameter estimation using evolutionary computation methods."
Jianfeng Liu,Jianfeng Liu,1,http://arxiv.org/abs/2005.11729v2,cs.AI;cs.CL,"gochat: goal-oriented chatbots with hierarchical reinforcement learning. a chatbot that converses like a human should be goal-oriented (i.e., be purposeful in conversation), which is beyond language generation. however, existing dialogue systems often heavily rely on cumbersome hand-crafted rules or costly labelled datasets to reach the goals. in this paper, we propose goal-oriented chatbots (gochat), a framework for end-to-end training chatbots to maximize the longterm return from offline multi-turn dialogue datasets. our framework utilizes hierarchical reinforcement learning (hrl), where the high-level policy guides the conversation towards the final goal by determining some sub-goals, and the low-level policy fulfills the sub-goals by generating the corresponding utterance for response. in our experiments on a real-world dialogue dataset for anti-fraud in financial, our approach outperforms previous methods on both the quality of response generation as well as the success rate of accomplishing the goal."
Feiyang Pan,Feiyang Pan,1,http://arxiv.org/abs/2005.11729v2,cs.AI;cs.CL,"gochat: goal-oriented chatbots with hierarchical reinforcement learning. a chatbot that converses like a human should be goal-oriented (i.e., be purposeful in conversation), which is beyond language generation. however, existing dialogue systems often heavily rely on cumbersome hand-crafted rules or costly labelled datasets to reach the goals. in this paper, we propose goal-oriented chatbots (gochat), a framework for end-to-end training chatbots to maximize the longterm return from offline multi-turn dialogue datasets. our framework utilizes hierarchical reinforcement learning (hrl), where the high-level policy guides the conversation towards the final goal by determining some sub-goals, and the low-level policy fulfills the sub-goals by generating the corresponding utterance for response. in our experiments on a real-world dialogue dataset for anti-fraud in financial, our approach outperforms previous methods on both the quality of response generation as well as the success rate of accomplishing the goal."
Ling Luo,Ling Luo,1,http://arxiv.org/abs/2005.11729v2,cs.AI;cs.CL,"gochat: goal-oriented chatbots with hierarchical reinforcement learning. a chatbot that converses like a human should be goal-oriented (i.e., be purposeful in conversation), which is beyond language generation. however, existing dialogue systems often heavily rely on cumbersome hand-crafted rules or costly labelled datasets to reach the goals. in this paper, we propose goal-oriented chatbots (gochat), a framework for end-to-end training chatbots to maximize the longterm return from offline multi-turn dialogue datasets. our framework utilizes hierarchical reinforcement learning (hrl), where the high-level policy guides the conversation towards the final goal by determining some sub-goals, and the low-level policy fulfills the sub-goals by generating the corresponding utterance for response. in our experiments on a real-world dialogue dataset for anti-fraud in financial, our approach outperforms previous methods on both the quality of response generation as well as the success rate of accomplishing the goal."
 Subhadeep, Subhadeep,1,http://arxiv.org/abs/2005.13596v1,cs.AI;cs.LG;econ.EM;stat.ME;stat.ML,"breiman's ""two cultures"" revisited and reconciled. in a landmark paper published in 2001, leo breiman described the tense standoff between two cultures of data modeling: parametric statistical and algorithmic machine learning. the cultural division between these two statistical learning frameworks has been growing at a steady pace in recent years. what is the way forward? it has become blatantly obvious that this widening gap between ""the two cultures"" cannot be averted unless we find a way to blend them into a coherent whole. this article presents a solution by establishing a link between the two cultures. through examples, we describe the challenges and potential gains of this new integrated statistical thinking."
 Mukhopadhyay, Mukhopadhyay,1,http://arxiv.org/abs/2005.13596v1,cs.AI;cs.LG;econ.EM;stat.ME;stat.ML,"breiman's ""two cultures"" revisited and reconciled. in a landmark paper published in 2001, leo breiman described the tense standoff between two cultures of data modeling: parametric statistical and algorithmic machine learning. the cultural division between these two statistical learning frameworks has been growing at a steady pace in recent years. what is the way forward? it has become blatantly obvious that this widening gap between ""the two cultures"" cannot be averted unless we find a way to blend them into a coherent whole. this article presents a solution by establishing a link between the two cultures. through examples, we describe the challenges and potential gains of this new integrated statistical thinking."
Kaijun Wang,Kaijun Wang,1,http://arxiv.org/abs/2005.13596v1,cs.AI;cs.LG;econ.EM;stat.ME;stat.ML,"breiman's ""two cultures"" revisited and reconciled. in a landmark paper published in 2001, leo breiman described the tense standoff between two cultures of data modeling: parametric statistical and algorithmic machine learning. the cultural division between these two statistical learning frameworks has been growing at a steady pace in recent years. what is the way forward? it has become blatantly obvious that this widening gap between ""the two cultures"" cannot be averted unless we find a way to blend them into a coherent whole. this article presents a solution by establishing a link between the two cultures. through examples, we describe the challenges and potential gains of this new integrated statistical thinking."
Nasim Sonboli,Nasim Sonboli,1,http://arxiv.org/abs/2005.12974v1,cs.AI;cs.IR;cs.LG;stat.ML,"opportunistic multi-aspect fairness through personalized re-ranking. as recommender systems have become more widespread and moved into areas with greater social impact, such as employment and housing, researchers have begun to seek ways to ensure fairness in the results that such systems produce. this work has primarily focused on developing recommendation approaches in which fairness metrics are jointly optimized along with recommendation accuracy. however, the previous work had largely ignored how individual preferences may limit the ability of an algorithm to produce fair recommendations. furthermore, with few exceptions, researchers have only considered scenarios in which fairness is measured relative to a single sensitive feature or attribute (such as race or gender). in this paper, we present a re-ranking approach to fairness-aware recommendation that learns individual preferences across multiple fairness dimensions and uses them to enhance provider fairness in recommendation results. specifically, we show that our opportunistic and metric-agnostic approach achieves a better trade-off between accuracy and fairness than prior re-ranking approaches and does so across multiple fairness dimensions."
Farzad Eskandanian,Farzad Eskandanian,1,http://arxiv.org/abs/2005.12974v1,cs.AI;cs.IR;cs.LG;stat.ML,"opportunistic multi-aspect fairness through personalized re-ranking. as recommender systems have become more widespread and moved into areas with greater social impact, such as employment and housing, researchers have begun to seek ways to ensure fairness in the results that such systems produce. this work has primarily focused on developing recommendation approaches in which fairness metrics are jointly optimized along with recommendation accuracy. however, the previous work had largely ignored how individual preferences may limit the ability of an algorithm to produce fair recommendations. furthermore, with few exceptions, researchers have only considered scenarios in which fairness is measured relative to a single sensitive feature or attribute (such as race or gender). in this paper, we present a re-ranking approach to fairness-aware recommendation that learns individual preferences across multiple fairness dimensions and uses them to enhance provider fairness in recommendation results. specifically, we show that our opportunistic and metric-agnostic approach achieves a better trade-off between accuracy and fairness than prior re-ranking approaches and does so across multiple fairness dimensions."
Robin Burke,Robin Burke,1,http://arxiv.org/abs/2005.12974v1,cs.AI;cs.IR;cs.LG;stat.ML,"opportunistic multi-aspect fairness through personalized re-ranking. as recommender systems have become more widespread and moved into areas with greater social impact, such as employment and housing, researchers have begun to seek ways to ensure fairness in the results that such systems produce. this work has primarily focused on developing recommendation approaches in which fairness metrics are jointly optimized along with recommendation accuracy. however, the previous work had largely ignored how individual preferences may limit the ability of an algorithm to produce fair recommendations. furthermore, with few exceptions, researchers have only considered scenarios in which fairness is measured relative to a single sensitive feature or attribute (such as race or gender). in this paper, we present a re-ranking approach to fairness-aware recommendation that learns individual preferences across multiple fairness dimensions and uses them to enhance provider fairness in recommendation results. specifically, we show that our opportunistic and metric-agnostic approach achieves a better trade-off between accuracy and fairness than prior re-ranking approaches and does so across multiple fairness dimensions."
Weiwen Liu,Weiwen Liu,1,http://arxiv.org/abs/2005.12974v1,cs.AI;cs.IR;cs.LG;stat.ML,"opportunistic multi-aspect fairness through personalized re-ranking. as recommender systems have become more widespread and moved into areas with greater social impact, such as employment and housing, researchers have begun to seek ways to ensure fairness in the results that such systems produce. this work has primarily focused on developing recommendation approaches in which fairness metrics are jointly optimized along with recommendation accuracy. however, the previous work had largely ignored how individual preferences may limit the ability of an algorithm to produce fair recommendations. furthermore, with few exceptions, researchers have only considered scenarios in which fairness is measured relative to a single sensitive feature or attribute (such as race or gender). in this paper, we present a re-ranking approach to fairness-aware recommendation that learns individual preferences across multiple fairness dimensions and uses them to enhance provider fairness in recommendation results. specifically, we show that our opportunistic and metric-agnostic approach achieves a better trade-off between accuracy and fairness than prior re-ranking approaches and does so across multiple fairness dimensions."
Bamshad Mobasher,Bamshad Mobasher,1,http://arxiv.org/abs/2005.12974v1,cs.AI;cs.IR;cs.LG;stat.ML,"opportunistic multi-aspect fairness through personalized re-ranking. as recommender systems have become more widespread and moved into areas with greater social impact, such as employment and housing, researchers have begun to seek ways to ensure fairness in the results that such systems produce. this work has primarily focused on developing recommendation approaches in which fairness metrics are jointly optimized along with recommendation accuracy. however, the previous work had largely ignored how individual preferences may limit the ability of an algorithm to produce fair recommendations. furthermore, with few exceptions, researchers have only considered scenarios in which fairness is measured relative to a single sensitive feature or attribute (such as race or gender). in this paper, we present a re-ranking approach to fairness-aware recommendation that learns individual preferences across multiple fairness dimensions and uses them to enhance provider fairness in recommendation results. specifically, we show that our opportunistic and metric-agnostic approach achieves a better trade-off between accuracy and fairness than prior re-ranking approaches and does so across multiple fairness dimensions."
Mohammad Ali Javidian,Mohammad Ali Javidian,1,http://arxiv.org/abs/2005.14037v1,cs.AI,"learning lwf chain graphs: an order independent algorithm. lwf chain graphs combine directed acyclic graphs and undirected graphs. we present a pc-like algorithm that finds the structure of chain graphs under the faithfulness assumption to resolve the problem of scalability of the proposed algorithm by studeny (1997). we prove that our pc-like algorithm is order dependent, in the sense that the output can depend on the order in which the variables are given. this order dependence can be very pronounced in high-dimensional settings. we propose two modifications of the pc-like algorithm that remove part or all of this order dependence. simulation results under a variety of settings demonstrate the competitive performance of the pc-like algorithms in comparison with the decomposition-based method, called lcd algorithm, proposed by ma et al. (2008) in low-dimensional settings and improved performance in high-dimensional settings."
Marco Valtorta,Marco Valtorta,1,http://arxiv.org/abs/2005.14037v1,cs.AI,"learning lwf chain graphs: an order independent algorithm. lwf chain graphs combine directed acyclic graphs and undirected graphs. we present a pc-like algorithm that finds the structure of chain graphs under the faithfulness assumption to resolve the problem of scalability of the proposed algorithm by studeny (1997). we prove that our pc-like algorithm is order dependent, in the sense that the output can depend on the order in which the variables are given. this order dependence can be very pronounced in high-dimensional settings. we propose two modifications of the pc-like algorithm that remove part or all of this order dependence. simulation results under a variety of settings demonstrate the competitive performance of the pc-like algorithms in comparison with the decomposition-based method, called lcd algorithm, proposed by ma et al. (2008) in low-dimensional settings and improved performance in high-dimensional settings."
Pooyan Jamshidi,Pooyan Jamshidi,1,http://arxiv.org/abs/2005.14037v1,cs.AI,"learning lwf chain graphs: an order independent algorithm. lwf chain graphs combine directed acyclic graphs and undirected graphs. we present a pc-like algorithm that finds the structure of chain graphs under the faithfulness assumption to resolve the problem of scalability of the proposed algorithm by studeny (1997). we prove that our pc-like algorithm is order dependent, in the sense that the output can depend on the order in which the variables are given. this order dependence can be very pronounced in high-dimensional settings. we propose two modifications of the pc-like algorithm that remove part or all of this order dependence. simulation results under a variety of settings demonstrate the competitive performance of the pc-like algorithms in comparison with the decomposition-based method, called lcd algorithm, proposed by ma et al. (2008) in low-dimensional settings and improved performance in high-dimensional settings."
Haochen Liu,Haochen Liu,1,http://arxiv.org/abs/2005.13170v1,cs.AI;cs.CL,"chat as expected: learning to manipulate black-box neural dialogue models. recently, neural network based dialogue systems have become ubiquitous in our increasingly digitalized society. however, due to their inherent opaqueness, some recently raised concerns about using neural models are starting to be taken seriously. in fact, intentional or unintentional behaviors could lead to a dialogue system to generate inappropriate responses. thus, in this paper, we investigate whether we can learn to craft input sentences that result in a black-box neural dialogue model being manipulated into having its outputs contain target words or match target sentences. we propose a reinforcement learning based model that can generate such desired inputs automatically. extensive experiments on a popular well-trained state-of-the-art neural dialogue model show that our method can successfully seek out desired inputs that lead to the target outputs in a considerable portion of cases. consequently, our work reveals the potential of neural dialogue models to be manipulated, which inspires and opens the door towards developing strategies to defend them."
Zhiwei Wang,Zhiwei Wang,1,http://arxiv.org/abs/2005.13170v1,cs.AI;cs.CL,"chat as expected: learning to manipulate black-box neural dialogue models. recently, neural network based dialogue systems have become ubiquitous in our increasingly digitalized society. however, due to their inherent opaqueness, some recently raised concerns about using neural models are starting to be taken seriously. in fact, intentional or unintentional behaviors could lead to a dialogue system to generate inappropriate responses. thus, in this paper, we investigate whether we can learn to craft input sentences that result in a black-box neural dialogue model being manipulated into having its outputs contain target words or match target sentences. we propose a reinforcement learning based model that can generate such desired inputs automatically. extensive experiments on a popular well-trained state-of-the-art neural dialogue model show that our method can successfully seek out desired inputs that lead to the target outputs in a considerable portion of cases. consequently, our work reveals the potential of neural dialogue models to be manipulated, which inspires and opens the door towards developing strategies to defend them."
Tyler Derr,Tyler Derr,1,http://arxiv.org/abs/2005.13170v1,cs.AI;cs.CL,"chat as expected: learning to manipulate black-box neural dialogue models. recently, neural network based dialogue systems have become ubiquitous in our increasingly digitalized society. however, due to their inherent opaqueness, some recently raised concerns about using neural models are starting to be taken seriously. in fact, intentional or unintentional behaviors could lead to a dialogue system to generate inappropriate responses. thus, in this paper, we investigate whether we can learn to craft input sentences that result in a black-box neural dialogue model being manipulated into having its outputs contain target words or match target sentences. we propose a reinforcement learning based model that can generate such desired inputs automatically. extensive experiments on a popular well-trained state-of-the-art neural dialogue model show that our method can successfully seek out desired inputs that lead to the target outputs in a considerable portion of cases. consequently, our work reveals the potential of neural dialogue models to be manipulated, which inspires and opens the door towards developing strategies to defend them."
Jiliang Tang,Jiliang Tang,1,http://arxiv.org/abs/2005.13170v1,cs.AI;cs.CL,"chat as expected: learning to manipulate black-box neural dialogue models. recently, neural network based dialogue systems have become ubiquitous in our increasingly digitalized society. however, due to their inherent opaqueness, some recently raised concerns about using neural models are starting to be taken seriously. in fact, intentional or unintentional behaviors could lead to a dialogue system to generate inappropriate responses. thus, in this paper, we investigate whether we can learn to craft input sentences that result in a black-box neural dialogue model being manipulated into having its outputs contain target words or match target sentences. we propose a reinforcement learning based model that can generate such desired inputs automatically. extensive experiments on a popular well-trained state-of-the-art neural dialogue model show that our method can successfully seek out desired inputs that lead to the target outputs in a considerable portion of cases. consequently, our work reveals the potential of neural dialogue models to be manipulated, which inspires and opens the door towards developing strategies to defend them."
Alex Cummaudo,Alex Cummaudo,1,http://arxiv.org/abs/2005.13186v1,cs.AI;cs.SE,"beware the evolving 'intelligent' web service! an integration architecture tactic to guard ai-first components. intelligent services provide the power of ai to developers via simple restful api endpoints, abstracting away many complexities of machine learning. however, most of these intelligent services-such as computer vision-continually learn with time. when the internals within the abstracted 'black box' become hidden and evolve, pitfalls emerge in the robustness of applications that depend on these evolving services. without adapting the way developers plan and construct projects reliant on intelligent services, significant gaps and risks result in both project planning and development. therefore, how can software engineers best mitigate software evolution risk moving forward, thereby ensuring that their own applications maintain quality? our proposal is an architectural tactic designed to improve intelligent service-dependent software robustness. the tactic involves creating an application-specific benchmark dataset baselined against an intelligent service, enabling evolutionary behaviour changes to be mitigated. a technical evaluation of our implementation of this architecture demonstrates how the tactic can identify 1,054 cases of substantial confidence evolution and 2,461 cases of substantial changes to response label sets using a dataset consisting of 331 images that evolve when sent to a service."
Scott Barnett,Scott Barnett,1,http://arxiv.org/abs/2005.13186v1,cs.AI;cs.SE,"beware the evolving 'intelligent' web service! an integration architecture tactic to guard ai-first components. intelligent services provide the power of ai to developers via simple restful api endpoints, abstracting away many complexities of machine learning. however, most of these intelligent services-such as computer vision-continually learn with time. when the internals within the abstracted 'black box' become hidden and evolve, pitfalls emerge in the robustness of applications that depend on these evolving services. without adapting the way developers plan and construct projects reliant on intelligent services, significant gaps and risks result in both project planning and development. therefore, how can software engineers best mitigate software evolution risk moving forward, thereby ensuring that their own applications maintain quality? our proposal is an architectural tactic designed to improve intelligent service-dependent software robustness. the tactic involves creating an application-specific benchmark dataset baselined against an intelligent service, enabling evolutionary behaviour changes to be mitigated. a technical evaluation of our implementation of this architecture demonstrates how the tactic can identify 1,054 cases of substantial confidence evolution and 2,461 cases of substantial changes to response label sets using a dataset consisting of 331 images that evolve when sent to a service."
Rajesh Vasa,Rajesh Vasa,1,http://arxiv.org/abs/2005.13186v1,cs.AI;cs.SE,"beware the evolving 'intelligent' web service! an integration architecture tactic to guard ai-first components. intelligent services provide the power of ai to developers via simple restful api endpoints, abstracting away many complexities of machine learning. however, most of these intelligent services-such as computer vision-continually learn with time. when the internals within the abstracted 'black box' become hidden and evolve, pitfalls emerge in the robustness of applications that depend on these evolving services. without adapting the way developers plan and construct projects reliant on intelligent services, significant gaps and risks result in both project planning and development. therefore, how can software engineers best mitigate software evolution risk moving forward, thereby ensuring that their own applications maintain quality? our proposal is an architectural tactic designed to improve intelligent service-dependent software robustness. the tactic involves creating an application-specific benchmark dataset baselined against an intelligent service, enabling evolutionary behaviour changes to be mitigated. a technical evaluation of our implementation of this architecture demonstrates how the tactic can identify 1,054 cases of substantial confidence evolution and 2,461 cases of substantial changes to response label sets using a dataset consisting of 331 images that evolve when sent to a service."
John Grundy,John Grundy,1,http://arxiv.org/abs/2005.13186v1,cs.AI;cs.SE,"beware the evolving 'intelligent' web service! an integration architecture tactic to guard ai-first components. intelligent services provide the power of ai to developers via simple restful api endpoints, abstracting away many complexities of machine learning. however, most of these intelligent services-such as computer vision-continually learn with time. when the internals within the abstracted 'black box' become hidden and evolve, pitfalls emerge in the robustness of applications that depend on these evolving services. without adapting the way developers plan and construct projects reliant on intelligent services, significant gaps and risks result in both project planning and development. therefore, how can software engineers best mitigate software evolution risk moving forward, thereby ensuring that their own applications maintain quality? our proposal is an architectural tactic designed to improve intelligent service-dependent software robustness. the tactic involves creating an application-specific benchmark dataset baselined against an intelligent service, enabling evolutionary behaviour changes to be mitigated. a technical evaluation of our implementation of this architecture demonstrates how the tactic can identify 1,054 cases of substantial confidence evolution and 2,461 cases of substantial changes to response label sets using a dataset consisting of 331 images that evolve when sent to a service."
Mohamed Abdelrazek,Mohamed Abdelrazek,1,http://arxiv.org/abs/2005.13186v1,cs.AI;cs.SE,"beware the evolving 'intelligent' web service! an integration architecture tactic to guard ai-first components. intelligent services provide the power of ai to developers via simple restful api endpoints, abstracting away many complexities of machine learning. however, most of these intelligent services-such as computer vision-continually learn with time. when the internals within the abstracted 'black box' become hidden and evolve, pitfalls emerge in the robustness of applications that depend on these evolving services. without adapting the way developers plan and construct projects reliant on intelligent services, significant gaps and risks result in both project planning and development. therefore, how can software engineers best mitigate software evolution risk moving forward, thereby ensuring that their own applications maintain quality? our proposal is an architectural tactic designed to improve intelligent service-dependent software robustness. the tactic involves creating an application-specific benchmark dataset baselined against an intelligent service, enabling evolutionary behaviour changes to be mitigated. a technical evaluation of our implementation of this architecture demonstrates how the tactic can identify 1,054 cases of substantial confidence evolution and 2,461 cases of substantial changes to response label sets using a dataset consisting of 331 images that evolve when sent to a service."
Zachary Wojtowicz,Zachary Wojtowicz,1,http://arxiv.org/abs/2006.02359v1,cs.AI;q-bio.NC;stat.ML,"from probability to consilience: how explanatory values implement bayesian reasoning. recent work in cognitive science has uncovered a diversity of explanatory values, or dimensions along which we judge explanations as better or worse. we propose a bayesian account of how these values fit together to guide explanation. the resulting taxonomy provides a set of predictors for which explanations people prefer and shows how core values from psychology, statistics, and the philosophy of science emerge from a common mathematical framework. in addition to operationalizing the explanatory virtues associated with, for example, scientific argument-making, this framework also enables us to reinterpret the explanatory vices that drive conspiracy theories, delusions, and extremist ideologies."
Simon DeDeo,Simon DeDeo,1,http://arxiv.org/abs/2006.02359v1,cs.AI;q-bio.NC;stat.ML,"from probability to consilience: how explanatory values implement bayesian reasoning. recent work in cognitive science has uncovered a diversity of explanatory values, or dimensions along which we judge explanations as better or worse. we propose a bayesian account of how these values fit together to guide explanation. the resulting taxonomy provides a set of predictors for which explanations people prefer and shows how core values from psychology, statistics, and the philosophy of science emerge from a common mathematical framework. in addition to operationalizing the explanatory virtues associated with, for example, scientific argument-making, this framework also enables us to reinterpret the explanatory vices that drive conspiracy theories, delusions, and extremist ideologies."
Zuohui Fu,Zuohui Fu,1,http://arxiv.org/abs/2006.02046v2,cs.AI;cs.IR;cs.SI,"fairness-aware explainable recommendation over knowledge graphs. there has been growing attention on fairness considerations recently, especially in the context of intelligent decision making systems. explainable recommendation systems, in particular, may suffer from both explanation bias and performance disparity. in this paper, we analyze different groups of users according to their level of activity, and find that bias exists in recommendation performance between different groups. we show that inactive users may be more susceptible to receiving unsatisfactory recommendations, due to insufficient training data for the inactive users, and that their recommendations may be biased by the training records of more active users, due to the nature of collaborative filtering, which leads to an unfair treatment by the system. we propose a fairness constrained approach via heuristic re-ranking to mitigate this unfairness problem in the context of explainable recommendation over knowledge graphs. we experiment on several real-world datasets with state-of-the-art knowledge graph-based explainable recommendation algorithms. the promising results show that our algorithm is not only able to provide high-quality explainable recommendations, but also reduces the recommendation unfairness in several respects."
Yikun Xian,Yikun Xian,1,http://arxiv.org/abs/2006.02046v2,cs.AI;cs.IR;cs.SI,"fairness-aware explainable recommendation over knowledge graphs. there has been growing attention on fairness considerations recently, especially in the context of intelligent decision making systems. explainable recommendation systems, in particular, may suffer from both explanation bias and performance disparity. in this paper, we analyze different groups of users according to their level of activity, and find that bias exists in recommendation performance between different groups. we show that inactive users may be more susceptible to receiving unsatisfactory recommendations, due to insufficient training data for the inactive users, and that their recommendations may be biased by the training records of more active users, due to the nature of collaborative filtering, which leads to an unfair treatment by the system. we propose a fairness constrained approach via heuristic re-ranking to mitigate this unfairness problem in the context of explainable recommendation over knowledge graphs. we experiment on several real-world datasets with state-of-the-art knowledge graph-based explainable recommendation algorithms. the promising results show that our algorithm is not only able to provide high-quality explainable recommendations, but also reduces the recommendation unfairness in several respects."
Ruoyuan Gao,Ruoyuan Gao,1,http://arxiv.org/abs/2006.02046v2,cs.AI;cs.IR;cs.SI,"fairness-aware explainable recommendation over knowledge graphs. there has been growing attention on fairness considerations recently, especially in the context of intelligent decision making systems. explainable recommendation systems, in particular, may suffer from both explanation bias and performance disparity. in this paper, we analyze different groups of users according to their level of activity, and find that bias exists in recommendation performance between different groups. we show that inactive users may be more susceptible to receiving unsatisfactory recommendations, due to insufficient training data for the inactive users, and that their recommendations may be biased by the training records of more active users, due to the nature of collaborative filtering, which leads to an unfair treatment by the system. we propose a fairness constrained approach via heuristic re-ranking to mitigate this unfairness problem in the context of explainable recommendation over knowledge graphs. we experiment on several real-world datasets with state-of-the-art knowledge graph-based explainable recommendation algorithms. the promising results show that our algorithm is not only able to provide high-quality explainable recommendations, but also reduces the recommendation unfairness in several respects."
Jieyu Zhao,Jieyu Zhao,1,http://arxiv.org/abs/2006.02046v2,cs.AI;cs.IR;cs.SI,"fairness-aware explainable recommendation over knowledge graphs. there has been growing attention on fairness considerations recently, especially in the context of intelligent decision making systems. explainable recommendation systems, in particular, may suffer from both explanation bias and performance disparity. in this paper, we analyze different groups of users according to their level of activity, and find that bias exists in recommendation performance between different groups. we show that inactive users may be more susceptible to receiving unsatisfactory recommendations, due to insufficient training data for the inactive users, and that their recommendations may be biased by the training records of more active users, due to the nature of collaborative filtering, which leads to an unfair treatment by the system. we propose a fairness constrained approach via heuristic re-ranking to mitigate this unfairness problem in the context of explainable recommendation over knowledge graphs. we experiment on several real-world datasets with state-of-the-art knowledge graph-based explainable recommendation algorithms. the promising results show that our algorithm is not only able to provide high-quality explainable recommendations, but also reduces the recommendation unfairness in several respects."
Qiaoying Huang,Qiaoying Huang,1,http://arxiv.org/abs/2006.02046v2,cs.AI;cs.IR;cs.SI,"fairness-aware explainable recommendation over knowledge graphs. there has been growing attention on fairness considerations recently, especially in the context of intelligent decision making systems. explainable recommendation systems, in particular, may suffer from both explanation bias and performance disparity. in this paper, we analyze different groups of users according to their level of activity, and find that bias exists in recommendation performance between different groups. we show that inactive users may be more susceptible to receiving unsatisfactory recommendations, due to insufficient training data for the inactive users, and that their recommendations may be biased by the training records of more active users, due to the nature of collaborative filtering, which leads to an unfair treatment by the system. we propose a fairness constrained approach via heuristic re-ranking to mitigate this unfairness problem in the context of explainable recommendation over knowledge graphs. we experiment on several real-world datasets with state-of-the-art knowledge graph-based explainable recommendation algorithms. the promising results show that our algorithm is not only able to provide high-quality explainable recommendations, but also reduces the recommendation unfairness in several respects."
Yingqiang Ge,Yingqiang Ge,1,http://arxiv.org/abs/2006.02046v2,cs.AI;cs.IR;cs.SI,"fairness-aware explainable recommendation over knowledge graphs. there has been growing attention on fairness considerations recently, especially in the context of intelligent decision making systems. explainable recommendation systems, in particular, may suffer from both explanation bias and performance disparity. in this paper, we analyze different groups of users according to their level of activity, and find that bias exists in recommendation performance between different groups. we show that inactive users may be more susceptible to receiving unsatisfactory recommendations, due to insufficient training data for the inactive users, and that their recommendations may be biased by the training records of more active users, due to the nature of collaborative filtering, which leads to an unfair treatment by the system. we propose a fairness constrained approach via heuristic re-ranking to mitigate this unfairness problem in the context of explainable recommendation over knowledge graphs. we experiment on several real-world datasets with state-of-the-art knowledge graph-based explainable recommendation algorithms. the promising results show that our algorithm is not only able to provide high-quality explainable recommendations, but also reduces the recommendation unfairness in several respects."
Shuyuan Xu,Shuyuan Xu,1,http://arxiv.org/abs/2006.02046v2,cs.AI;cs.IR;cs.SI,"fairness-aware explainable recommendation over knowledge graphs. there has been growing attention on fairness considerations recently, especially in the context of intelligent decision making systems. explainable recommendation systems, in particular, may suffer from both explanation bias and performance disparity. in this paper, we analyze different groups of users according to their level of activity, and find that bias exists in recommendation performance between different groups. we show that inactive users may be more susceptible to receiving unsatisfactory recommendations, due to insufficient training data for the inactive users, and that their recommendations may be biased by the training records of more active users, due to the nature of collaborative filtering, which leads to an unfair treatment by the system. we propose a fairness constrained approach via heuristic re-ranking to mitigate this unfairness problem in the context of explainable recommendation over knowledge graphs. we experiment on several real-world datasets with state-of-the-art knowledge graph-based explainable recommendation algorithms. the promising results show that our algorithm is not only able to provide high-quality explainable recommendations, but also reduces the recommendation unfairness in several respects."
Shijie Geng,Shijie Geng,1,http://arxiv.org/abs/2006.02046v2,cs.AI;cs.IR;cs.SI,"fairness-aware explainable recommendation over knowledge graphs. there has been growing attention on fairness considerations recently, especially in the context of intelligent decision making systems. explainable recommendation systems, in particular, may suffer from both explanation bias and performance disparity. in this paper, we analyze different groups of users according to their level of activity, and find that bias exists in recommendation performance between different groups. we show that inactive users may be more susceptible to receiving unsatisfactory recommendations, due to insufficient training data for the inactive users, and that their recommendations may be biased by the training records of more active users, due to the nature of collaborative filtering, which leads to an unfair treatment by the system. we propose a fairness constrained approach via heuristic re-ranking to mitigate this unfairness problem in the context of explainable recommendation over knowledge graphs. we experiment on several real-world datasets with state-of-the-art knowledge graph-based explainable recommendation algorithms. the promising results show that our algorithm is not only able to provide high-quality explainable recommendations, but also reduces the recommendation unfairness in several respects."
Chirag Shah,Chirag Shah,1,http://arxiv.org/abs/2006.02046v2,cs.AI;cs.IR;cs.SI,"fairness-aware explainable recommendation over knowledge graphs. there has been growing attention on fairness considerations recently, especially in the context of intelligent decision making systems. explainable recommendation systems, in particular, may suffer from both explanation bias and performance disparity. in this paper, we analyze different groups of users according to their level of activity, and find that bias exists in recommendation performance between different groups. we show that inactive users may be more susceptible to receiving unsatisfactory recommendations, due to insufficient training data for the inactive users, and that their recommendations may be biased by the training records of more active users, due to the nature of collaborative filtering, which leads to an unfair treatment by the system. we propose a fairness constrained approach via heuristic re-ranking to mitigate this unfairness problem in the context of explainable recommendation over knowledge graphs. we experiment on several real-world datasets with state-of-the-art knowledge graph-based explainable recommendation algorithms. the promising results show that our algorithm is not only able to provide high-quality explainable recommendations, but also reduces the recommendation unfairness in several respects."
Yongfeng Zhang,Yongfeng Zhang,1,http://arxiv.org/abs/2006.02046v2,cs.AI;cs.IR;cs.SI,"fairness-aware explainable recommendation over knowledge graphs. there has been growing attention on fairness considerations recently, especially in the context of intelligent decision making systems. explainable recommendation systems, in particular, may suffer from both explanation bias and performance disparity. in this paper, we analyze different groups of users according to their level of activity, and find that bias exists in recommendation performance between different groups. we show that inactive users may be more susceptible to receiving unsatisfactory recommendations, due to insufficient training data for the inactive users, and that their recommendations may be biased by the training records of more active users, due to the nature of collaborative filtering, which leads to an unfair treatment by the system. we propose a fairness constrained approach via heuristic re-ranking to mitigate this unfairness problem in the context of explainable recommendation over knowledge graphs. we experiment on several real-world datasets with state-of-the-art knowledge graph-based explainable recommendation algorithms. the promising results show that our algorithm is not only able to provide high-quality explainable recommendations, but also reduces the recommendation unfairness in several respects."
Gerard de Melo,Gerard de Melo,1,http://arxiv.org/abs/2006.02046v2,cs.AI;cs.IR;cs.SI,"fairness-aware explainable recommendation over knowledge graphs. there has been growing attention on fairness considerations recently, especially in the context of intelligent decision making systems. explainable recommendation systems, in particular, may suffer from both explanation bias and performance disparity. in this paper, we analyze different groups of users according to their level of activity, and find that bias exists in recommendation performance between different groups. we show that inactive users may be more susceptible to receiving unsatisfactory recommendations, due to insufficient training data for the inactive users, and that their recommendations may be biased by the training records of more active users, due to the nature of collaborative filtering, which leads to an unfair treatment by the system. we propose a fairness constrained approach via heuristic re-ranking to mitigate this unfairness problem in the context of explainable recommendation over knowledge graphs. we experiment on several real-world datasets with state-of-the-art knowledge graph-based explainable recommendation algorithms. the promising results show that our algorithm is not only able to provide high-quality explainable recommendations, but also reduces the recommendation unfairness in several respects."
Nadia Labai,Nadia Labai,1,http://arxiv.org/abs/2006.02078v1,cs.AI;cs.LO,"an exptime upper bound for alc with integers (extended version). concrete domains, especially those that allow to compare features with numeric values, have long been recognized as a very desirable extension of description logics (dls), and significant efforts have been invested into adding them to usual dls while keeping the complexity of reasoning in check. for expressive dls and in the presence of general tboxes, for standard reasoning tasks like consistency, the most general decidability results are for the so-called ω -admissible domains, which are required to be dense. supporting non-dense domains for features that range over integers or natural numbers remained largely open, despite often being singled out as a highly desirable extension. the decidability of some extensions of alc with non-dense domains has been shown, but existing results rely on powerful machinery that does not allow to infer any elementary bounds on the complexity of the problem. in this paper, we study an extension of alc with a rich integer domain that allows for comparisons (between features, and between features and constants coded in unary), and prove that consistency can be solved using automata-theoretic techniques in single exponential time, and thus has no higher worst-case complexity than standard alc . our upper bounds apply to some extensions of dls with concrete domains known from the literature, support general tboxes, and allow for comparing values along paths of ordinary (not necessarily functional) roles."
Magdalena Ortiz,Magdalena Ortiz,1,http://arxiv.org/abs/2006.02078v1,cs.AI;cs.LO,"an exptime upper bound for alc with integers (extended version). concrete domains, especially those that allow to compare features with numeric values, have long been recognized as a very desirable extension of description logics (dls), and significant efforts have been invested into adding them to usual dls while keeping the complexity of reasoning in check. for expressive dls and in the presence of general tboxes, for standard reasoning tasks like consistency, the most general decidability results are for the so-called ω -admissible domains, which are required to be dense. supporting non-dense domains for features that range over integers or natural numbers remained largely open, despite often being singled out as a highly desirable extension. the decidability of some extensions of alc with non-dense domains has been shown, but existing results rely on powerful machinery that does not allow to infer any elementary bounds on the complexity of the problem. in this paper, we study an extension of alc with a rich integer domain that allows for comparisons (between features, and between features and constants coded in unary), and prove that consistency can be solved using automata-theoretic techniques in single exponential time, and thus has no higher worst-case complexity than standard alc . our upper bounds apply to some extensions of dls with concrete domains known from the literature, support general tboxes, and allow for comparing values along paths of ordinary (not necessarily functional) roles."
Mantas Šimkus,Mantas Šimkus,1,http://arxiv.org/abs/2006.02078v1,cs.AI;cs.LO,"an exptime upper bound for alc with integers (extended version). concrete domains, especially those that allow to compare features with numeric values, have long been recognized as a very desirable extension of description logics (dls), and significant efforts have been invested into adding them to usual dls while keeping the complexity of reasoning in check. for expressive dls and in the presence of general tboxes, for standard reasoning tasks like consistency, the most general decidability results are for the so-called ω -admissible domains, which are required to be dense. supporting non-dense domains for features that range over integers or natural numbers remained largely open, despite often being singled out as a highly desirable extension. the decidability of some extensions of alc with non-dense domains has been shown, but existing results rely on powerful machinery that does not allow to infer any elementary bounds on the complexity of the problem. in this paper, we study an extension of alc with a rich integer domain that allows for comparisons (between features, and between features and constants coded in unary), and prove that consistency can be solved using automata-theoretic techniques in single exponential time, and thus has no higher worst-case complexity than standard alc . our upper bounds apply to some extensions of dls with concrete domains known from the literature, support general tboxes, and allow for comparing values along paths of ordinary (not necessarily functional) roles."
Jinghai Rao,Jinghai Rao,1,http://arxiv.org/abs/2006.02168v1,cs.AI;cs.SE,"a mixed initiative semantic web framework for process composition. semantic web technologies offer the prospect of significantly reducing the amount of effort required to integrate existing enterprise functionality in support of new composite processes; whether within a given organization or across multiple ones. a significant body of work in this area has aimed to fully automate this process, while assuming that all functionality has already been encapsulated in the form of semantic web services with rich and accurate annotations. in this article, we argue that this assumption is often unrealistic. instead, we describe a mixed initiative framework for semantic web service discovery and composition that aims at flexibly interleaving human decision making and automated functionality in environments where annotations may be incomplete and even inconsistent."
Dimitar Dimitrov,Dimitar Dimitrov,1,http://arxiv.org/abs/2006.02168v1,cs.AI;cs.SE,"a mixed initiative semantic web framework for process composition. semantic web technologies offer the prospect of significantly reducing the amount of effort required to integrate existing enterprise functionality in support of new composite processes; whether within a given organization or across multiple ones. a significant body of work in this area has aimed to fully automate this process, while assuming that all functionality has already been encapsulated in the form of semantic web services with rich and accurate annotations. in this article, we argue that this assumption is often unrealistic. instead, we describe a mixed initiative framework for semantic web service discovery and composition that aims at flexibly interleaving human decision making and automated functionality in environments where annotations may be incomplete and even inconsistent."
Paul Hofmann,Paul Hofmann,1,http://arxiv.org/abs/2006.02168v1,cs.AI;cs.SE,"a mixed initiative semantic web framework for process composition. semantic web technologies offer the prospect of significantly reducing the amount of effort required to integrate existing enterprise functionality in support of new composite processes; whether within a given organization or across multiple ones. a significant body of work in this area has aimed to fully automate this process, while assuming that all functionality has already been encapsulated in the form of semantic web services with rich and accurate annotations. in this article, we argue that this assumption is often unrealistic. instead, we describe a mixed initiative framework for semantic web service discovery and composition that aims at flexibly interleaving human decision making and automated functionality in environments where annotations may be incomplete and even inconsistent."
Norman Sadeh,Norman Sadeh,1,http://arxiv.org/abs/2006.02168v1,cs.AI;cs.SE,"a mixed initiative semantic web framework for process composition. semantic web technologies offer the prospect of significantly reducing the amount of effort required to integrate existing enterprise functionality in support of new composite processes; whether within a given organization or across multiple ones. a significant body of work in this area has aimed to fully automate this process, while assuming that all functionality has already been encapsulated in the form of semantic web services with rich and accurate annotations. in this article, we argue that this assumption is often unrealistic. instead, we describe a mixed initiative framework for semantic web service discovery and composition that aims at flexibly interleaving human decision making and automated functionality in environments where annotations may be incomplete and even inconsistent."
Muhammad Zuhair Qadir,Muhammad Zuhair Qadir,1,http://arxiv.org/abs/2006.01022v2,cs.AI;cs.GT;cs.LG;cs.MA;cs.RO,"a novel approach for multi-agent cooperative pursuit to capture grouped evaders. an approach of mobile multi-agent pursuit based on application of self-organizing feature map (sofm) and along with that reinforcement learning based on agent group role membership function (agrmf) model is proposed. this method promotes dynamic organization of the pursuers' groups and also makes pursuers' group evader according to their desire based on sofm and agrmf techniques. this helps to overcome the shortcomings of the pursuers that they cannot fully reorganize when the goal is too independent in process of agrmf models operation. besides, we also discuss a new reward function. after the formation of the group, reinforcement learning is applied to get the optimal solution for each agent. the results of each step in capturing process will finally affect the agr membership function to speed up the convergence of the competitive neural network. the experiments result shows that this approach is more effective for the mobile agents to capture evaders."
Songhao Piao,Songhao Piao,1,http://arxiv.org/abs/2006.01022v2,cs.AI;cs.GT;cs.LG;cs.MA;cs.RO,"a novel approach for multi-agent cooperative pursuit to capture grouped evaders. an approach of mobile multi-agent pursuit based on application of self-organizing feature map (sofm) and along with that reinforcement learning based on agent group role membership function (agrmf) model is proposed. this method promotes dynamic organization of the pursuers' groups and also makes pursuers' group evader according to their desire based on sofm and agrmf techniques. this helps to overcome the shortcomings of the pursuers that they cannot fully reorganize when the goal is too independent in process of agrmf models operation. besides, we also discuss a new reward function. after the formation of the group, reinforcement learning is applied to get the optimal solution for each agent. the results of each step in capturing process will finally affect the agr membership function to speed up the convergence of the competitive neural network. the experiments result shows that this approach is more effective for the mobile agents to capture evaders."
Haiyang Jiang,Haiyang Jiang,1,http://arxiv.org/abs/2006.01022v2,cs.AI;cs.GT;cs.LG;cs.MA;cs.RO,"a novel approach for multi-agent cooperative pursuit to capture grouped evaders. an approach of mobile multi-agent pursuit based on application of self-organizing feature map (sofm) and along with that reinforcement learning based on agent group role membership function (agrmf) model is proposed. this method promotes dynamic organization of the pursuers' groups and also makes pursuers' group evader according to their desire based on sofm and agrmf techniques. this helps to overcome the shortcomings of the pursuers that they cannot fully reorganize when the goal is too independent in process of agrmf models operation. besides, we also discuss a new reward function. after the formation of the group, reinforcement learning is applied to get the optimal solution for each agent. the results of each step in capturing process will finally affect the agr membership function to speed up the convergence of the competitive neural network. the experiments result shows that this approach is more effective for the mobile agents to capture evaders."
Mohammed El Habib Souidi,Mohammed El Habib Souidi,1,http://arxiv.org/abs/2006.01022v2,cs.AI;cs.GT;cs.LG;cs.MA;cs.RO,"a novel approach for multi-agent cooperative pursuit to capture grouped evaders. an approach of mobile multi-agent pursuit based on application of self-organizing feature map (sofm) and along with that reinforcement learning based on agent group role membership function (agrmf) model is proposed. this method promotes dynamic organization of the pursuers' groups and also makes pursuers' group evader according to their desire based on sofm and agrmf techniques. this helps to overcome the shortcomings of the pursuers that they cannot fully reorganize when the goal is too independent in process of agrmf models operation. besides, we also discuss a new reward function. after the formation of the group, reinforcement learning is applied to get the optimal solution for each agent. the results of each step in capturing process will finally affect the agr membership function to speed up the convergence of the competitive neural network. the experiments result shows that this approach is more effective for the mobile agents to capture evaders."
Anoopkumar Sonar,Anoopkumar Sonar,1,http://arxiv.org/abs/2006.01096v3,cs.AI;cs.LG;cs.RO;stat.ML,"invariant policy optimization: towards stronger generalization in reinforcement learning. a fundamental challenge in reinforcement learning is to learn policies that generalize beyond the operating domains experienced during training. in this paper, we approach this challenge through the following invariance principle: an agent must find a representation such that there exists an action-predictor built on top of this representation that is simultaneously optimal across all training domains. intuitively, the resulting invariant policy enhances generalization by finding causes of successful actions. we propose a novel learning algorithm, invariant policy optimization (ipo), that implements this principle and learns an invariant policy during training. we compare our approach with standard policy gradient methods and demonstrate significant improvements in generalization performance on unseen domains for linear quadratic regulator and grid-world problems, and an example where a robot must learn to open doors with varying physical properties."
Vincent Pacelli,Vincent Pacelli,1,http://arxiv.org/abs/2006.01096v3,cs.AI;cs.LG;cs.RO;stat.ML,"invariant policy optimization: towards stronger generalization in reinforcement learning. a fundamental challenge in reinforcement learning is to learn policies that generalize beyond the operating domains experienced during training. in this paper, we approach this challenge through the following invariance principle: an agent must find a representation such that there exists an action-predictor built on top of this representation that is simultaneously optimal across all training domains. intuitively, the resulting invariant policy enhances generalization by finding causes of successful actions. we propose a novel learning algorithm, invariant policy optimization (ipo), that implements this principle and learns an invariant policy during training. we compare our approach with standard policy gradient methods and demonstrate significant improvements in generalization performance on unseen domains for linear quadratic regulator and grid-world problems, and an example where a robot must learn to open doors with varying physical properties."
Anirudha Majumdar,Anirudha Majumdar,1,http://arxiv.org/abs/2006.01096v3,cs.AI;cs.LG;cs.RO;stat.ML,"invariant policy optimization: towards stronger generalization in reinforcement learning. a fundamental challenge in reinforcement learning is to learn policies that generalize beyond the operating domains experienced during training. in this paper, we approach this challenge through the following invariance principle: an agent must find a representation such that there exists an action-predictor built on top of this representation that is simultaneously optimal across all training domains. intuitively, the resulting invariant policy enhances generalization by finding causes of successful actions. we propose a novel learning algorithm, invariant policy optimization (ipo), that implements this principle and learns an invariant policy during training. we compare our approach with standard policy gradient methods and demonstrate significant improvements in generalization performance on unseen domains for linear quadratic regulator and grid-world problems, and an example where a robot must learn to open doors with varying physical properties."
Konstantin Yakovlev,Konstantin Yakovlev,1,http://arxiv.org/abs/2006.01195v1,cs.AI,"revisiting bounded-suboptimal safe interval path planning. safe-interval path planning (sipp) is a powerful algorithm for finding a path in the presence of dynamic obstacles. sipp returns provably optimal solutions. however, in many practical applications of sipp such as path planning for robots, one would like to trade-off optimality for shorter planning time. in this paper we explore different ways to build a bounded-suboptimal sipp and discuss their pros and cons. we compare the different bounded-suboptimal versions of sipp experimentally. while there is no universal winner, the results provide insights into when each method should be used."
Anton Andreychuk,Anton Andreychuk,1,http://arxiv.org/abs/2006.01195v1,cs.AI,"revisiting bounded-suboptimal safe interval path planning. safe-interval path planning (sipp) is a powerful algorithm for finding a path in the presence of dynamic obstacles. sipp returns provably optimal solutions. however, in many practical applications of sipp such as path planning for robots, one would like to trade-off optimality for shorter planning time. in this paper we explore different ways to build a bounded-suboptimal sipp and discuss their pros and cons. we compare the different bounded-suboptimal versions of sipp experimentally. while there is no universal winner, the results provide insights into when each method should be used."
Roni Stern,Roni Stern,1,http://arxiv.org/abs/2006.01195v1,cs.AI,"revisiting bounded-suboptimal safe interval path planning. safe-interval path planning (sipp) is a powerful algorithm for finding a path in the presence of dynamic obstacles. sipp returns provably optimal solutions. however, in many practical applications of sipp such as path planning for robots, one would like to trade-off optimality for shorter planning time. in this paper we explore different ways to build a bounded-suboptimal sipp and discuss their pros and cons. we compare the different bounded-suboptimal versions of sipp experimentally. while there is no universal winner, the results provide insights into when each method should be used."
Vahid Yazdanpanah,Vahid Yazdanpanah,1,http://arxiv.org/abs/2006.01784v1,cs.AI;cs.GT;cs.MA,"coordinating multiagent industrial symbiosis. we present a formal multiagent framework for coordinating a class of collaborative industrial practices called industrial symbiotic networks (isns) as cooperative games. the game-theoretic formulation of isns enables systematic reasoning about what we call the isn implementation problem. specifically, the characteristics of isns may lead to the inapplicability of standard fair and stable benefit allocation methods. inspired by realistic isn scenarios and following the literature on normative multiagent systems, we consider regulations and normative socio-economic policies as coordination instruments that in combination with isn games resolve the situation. in this multiagent system, employing marginal contribution nets (mc-nets) as rule-based cooperative game representations foster the combination of regulations and isn games with no loss in expressiveness. we develop algorithmic methods for generating regulations that ensure the implementability of isns and as a policy support, present the policy requirements that guarantee the implementability of all the desired isns in a balanced-budget way."
Devrim Murat Yazan,Devrim Murat Yazan,1,http://arxiv.org/abs/2006.01784v1,cs.AI;cs.GT;cs.MA,"coordinating multiagent industrial symbiosis. we present a formal multiagent framework for coordinating a class of collaborative industrial practices called industrial symbiotic networks (isns) as cooperative games. the game-theoretic formulation of isns enables systematic reasoning about what we call the isn implementation problem. specifically, the characteristics of isns may lead to the inapplicability of standard fair and stable benefit allocation methods. inspired by realistic isn scenarios and following the literature on normative multiagent systems, we consider regulations and normative socio-economic policies as coordination instruments that in combination with isn games resolve the situation. in this multiagent system, employing marginal contribution nets (mc-nets) as rule-based cooperative game representations foster the combination of regulations and isn games with no loss in expressiveness. we develop algorithmic methods for generating regulations that ensure the implementability of isns and as a policy support, present the policy requirements that guarantee the implementability of all the desired isns in a balanced-budget way."
W. Henk M. Zijm,W. Henk M. Zijm,1,http://arxiv.org/abs/2006.01784v1,cs.AI;cs.GT;cs.MA,"coordinating multiagent industrial symbiosis. we present a formal multiagent framework for coordinating a class of collaborative industrial practices called industrial symbiotic networks (isns) as cooperative games. the game-theoretic formulation of isns enables systematic reasoning about what we call the isn implementation problem. specifically, the characteristics of isns may lead to the inapplicability of standard fair and stable benefit allocation methods. inspired by realistic isn scenarios and following the literature on normative multiagent systems, we consider regulations and normative socio-economic policies as coordination instruments that in combination with isn games resolve the situation. in this multiagent system, employing marginal contribution nets (mc-nets) as rule-based cooperative game representations foster the combination of regulations and isn games with no loss in expressiveness. we develop algorithmic methods for generating regulations that ensure the implementability of isns and as a policy support, present the policy requirements that guarantee the implementability of all the desired isns in a balanced-budget way."
Kenneth Skiba,Kenneth Skiba,1,http://arxiv.org/abs/2008.02735v1,cs.AI,"towards ranking-based semantics for abstract argumentation using conditional logic semantics. we propose a novel ranking-based semantics for dung-style argumentation frameworks with the help of conditional logics. using an intuitive translation for an argumentation framework to generate conditionals, we can apply nonmonotonic inference systems to generate a ranking on possible worlds. with this ranking we construct a ranking for our arguments. with a small extension to this ranking-based semantics we already satisfy some desirable properties for a ranking over arguments."
Matthias Thimm,Matthias Thimm,1,http://arxiv.org/abs/2008.02735v1,cs.AI,"towards ranking-based semantics for abstract argumentation using conditional logic semantics. we propose a novel ranking-based semantics for dung-style argumentation frameworks with the help of conditional logics. using an intuitive translation for an argumentation framework to generate conditionals, we can apply nonmonotonic inference systems to generate a ranking on possible worlds. with this ranking we construct a ranking for our arguments. with a small extension to this ranking-based semantics we already satisfy some desirable properties for a ranking over arguments."
Neil Hulbert,Neil Hulbert,1,http://arxiv.org/abs/2008.01700v2,cs.AI,"easyrl: a simple and extensible reinforcement learning framework. in recent years, reinforcement learning (rl), has become a popular field of study as well as a tool for enterprises working on cutting-edge artificial intelligence research. to this end, many researchers have built rl frameworks such as openai gym and kerasrl for ease of use. while these works have made great strides towards bringing down the barrier of entry for those new to rl, we propose a much simpler framework called easyrl, by providing an interactive graphical user interface for users to train and evaluate rl agents. as it is entirely graphical, easyrl does not require programming knowledge for training and testing simple built-in rl agents. easyrl also supports custom rl agents and environments, which can be highly beneficial for rl researchers in evaluating and comparing their rl models."
Sam Spillers,Sam Spillers,1,http://arxiv.org/abs/2008.01700v2,cs.AI,"easyrl: a simple and extensible reinforcement learning framework. in recent years, reinforcement learning (rl), has become a popular field of study as well as a tool for enterprises working on cutting-edge artificial intelligence research. to this end, many researchers have built rl frameworks such as openai gym and kerasrl for ease of use. while these works have made great strides towards bringing down the barrier of entry for those new to rl, we propose a much simpler framework called easyrl, by providing an interactive graphical user interface for users to train and evaluate rl agents. as it is entirely graphical, easyrl does not require programming knowledge for training and testing simple built-in rl agents. easyrl also supports custom rl agents and environments, which can be highly beneficial for rl researchers in evaluating and comparing their rl models."
Brandon Francis,Brandon Francis,1,http://arxiv.org/abs/2008.01700v2,cs.AI,"easyrl: a simple and extensible reinforcement learning framework. in recent years, reinforcement learning (rl), has become a popular field of study as well as a tool for enterprises working on cutting-edge artificial intelligence research. to this end, many researchers have built rl frameworks such as openai gym and kerasrl for ease of use. while these works have made great strides towards bringing down the barrier of entry for those new to rl, we propose a much simpler framework called easyrl, by providing an interactive graphical user interface for users to train and evaluate rl agents. as it is entirely graphical, easyrl does not require programming knowledge for training and testing simple built-in rl agents. easyrl also supports custom rl agents and environments, which can be highly beneficial for rl researchers in evaluating and comparing their rl models."
James Haines-Temons,James Haines-Temons,1,http://arxiv.org/abs/2008.01700v2,cs.AI,"easyrl: a simple and extensible reinforcement learning framework. in recent years, reinforcement learning (rl), has become a popular field of study as well as a tool for enterprises working on cutting-edge artificial intelligence research. to this end, many researchers have built rl frameworks such as openai gym and kerasrl for ease of use. while these works have made great strides towards bringing down the barrier of entry for those new to rl, we propose a much simpler framework called easyrl, by providing an interactive graphical user interface for users to train and evaluate rl agents. as it is entirely graphical, easyrl does not require programming knowledge for training and testing simple built-in rl agents. easyrl also supports custom rl agents and environments, which can be highly beneficial for rl researchers in evaluating and comparing their rl models."
Ken Gil Romero,Ken Gil Romero,1,http://arxiv.org/abs/2008.01700v2,cs.AI,"easyrl: a simple and extensible reinforcement learning framework. in recent years, reinforcement learning (rl), has become a popular field of study as well as a tool for enterprises working on cutting-edge artificial intelligence research. to this end, many researchers have built rl frameworks such as openai gym and kerasrl for ease of use. while these works have made great strides towards bringing down the barrier of entry for those new to rl, we propose a much simpler framework called easyrl, by providing an interactive graphical user interface for users to train and evaluate rl agents. as it is entirely graphical, easyrl does not require programming knowledge for training and testing simple built-in rl agents. easyrl also supports custom rl agents and environments, which can be highly beneficial for rl researchers in evaluating and comparing their rl models."
Benjamin De Jager,Benjamin De Jager,1,http://arxiv.org/abs/2008.01700v2,cs.AI,"easyrl: a simple and extensible reinforcement learning framework. in recent years, reinforcement learning (rl), has become a popular field of study as well as a tool for enterprises working on cutting-edge artificial intelligence research. to this end, many researchers have built rl frameworks such as openai gym and kerasrl for ease of use. while these works have made great strides towards bringing down the barrier of entry for those new to rl, we propose a much simpler framework called easyrl, by providing an interactive graphical user interface for users to train and evaluate rl agents. as it is entirely graphical, easyrl does not require programming knowledge for training and testing simple built-in rl agents. easyrl also supports custom rl agents and environments, which can be highly beneficial for rl researchers in evaluating and comparing their rl models."
Sam Wong,Sam Wong,1,http://arxiv.org/abs/2008.01700v2,cs.AI,"easyrl: a simple and extensible reinforcement learning framework. in recent years, reinforcement learning (rl), has become a popular field of study as well as a tool for enterprises working on cutting-edge artificial intelligence research. to this end, many researchers have built rl frameworks such as openai gym and kerasrl for ease of use. while these works have made great strides towards bringing down the barrier of entry for those new to rl, we propose a much simpler framework called easyrl, by providing an interactive graphical user interface for users to train and evaluate rl agents. as it is entirely graphical, easyrl does not require programming knowledge for training and testing simple built-in rl agents. easyrl also supports custom rl agents and environments, which can be highly beneficial for rl researchers in evaluating and comparing their rl models."
Kevin Flora,Kevin Flora,1,http://arxiv.org/abs/2008.01700v2,cs.AI,"easyrl: a simple and extensible reinforcement learning framework. in recent years, reinforcement learning (rl), has become a popular field of study as well as a tool for enterprises working on cutting-edge artificial intelligence research. to this end, many researchers have built rl frameworks such as openai gym and kerasrl for ease of use. while these works have made great strides towards bringing down the barrier of entry for those new to rl, we propose a much simpler framework called easyrl, by providing an interactive graphical user interface for users to train and evaluate rl agents. as it is entirely graphical, easyrl does not require programming knowledge for training and testing simple built-in rl agents. easyrl also supports custom rl agents and environments, which can be highly beneficial for rl researchers in evaluating and comparing their rl models."
Bowei Huang,Bowei Huang,1,http://arxiv.org/abs/2008.01700v2,cs.AI,"easyrl: a simple and extensible reinforcement learning framework. in recent years, reinforcement learning (rl), has become a popular field of study as well as a tool for enterprises working on cutting-edge artificial intelligence research. to this end, many researchers have built rl frameworks such as openai gym and kerasrl for ease of use. while these works have made great strides towards bringing down the barrier of entry for those new to rl, we propose a much simpler framework called easyrl, by providing an interactive graphical user interface for users to train and evaluate rl agents. as it is entirely graphical, easyrl does not require programming knowledge for training and testing simple built-in rl agents. easyrl also supports custom rl agents and environments, which can be highly beneficial for rl researchers in evaluating and comparing their rl models."
Athirai A. Irissappane,Athirai A. Irissappane,1,http://arxiv.org/abs/2008.01700v2,cs.AI,"easyrl: a simple and extensible reinforcement learning framework. in recent years, reinforcement learning (rl), has become a popular field of study as well as a tool for enterprises working on cutting-edge artificial intelligence research. to this end, many researchers have built rl frameworks such as openai gym and kerasrl for ease of use. while these works have made great strides towards bringing down the barrier of entry for those new to rl, we propose a much simpler framework called easyrl, by providing an interactive graphical user interface for users to train and evaluate rl agents. as it is entirely graphical, easyrl does not require programming knowledge for training and testing simple built-in rl agents. easyrl also supports custom rl agents and environments, which can be highly beneficial for rl researchers in evaluating and comparing their rl models."
Jan Blumenkamp,Jan Blumenkamp,1,http://arxiv.org/abs/2008.02616v2,cs.AI;cs.LG;cs.MA;cs.RO,"the emergence of adversarial communication in multi-agent reinforcement learning. many real-world problems require the coordination of multiple autonomous agents. recent work has shown the promise of graph neural networks (gnns) to learn explicit communication strategies that enable complex multi-agent coordination. these works use models of cooperative multi-agent systems whereby agents strive to achieve a shared global goal. when considering agents with self-interested local objectives, the standard design choice is to model these as separate learning systems (albeit sharing the same environment). such a design choice, however, precludes the existence of a single, differentiable communication channel, and consequently prohibits the learning of inter-agent communication strategies. in this work, we address this gap by presenting a learning model that accommodates individual non-shared rewards and a differentiable communication channel that is common among all agents. we focus on the case where agents have self-interested objectives, and develop a learning algorithm that elicits the emergence of adversarial communications. we perform experiments on multi-agent coverage and path planning problems, and employ a post-hoc interpretability technique to visualize the messages that agents communicate to each other. we show how a single self-interested agent is capable of learning highly manipulative communication strategies that allows it to significantly outperform a cooperative team of agents."
Amanda Prorok,Amanda Prorok,1,http://arxiv.org/abs/2008.02616v2,cs.AI;cs.LG;cs.MA;cs.RO,"the emergence of adversarial communication in multi-agent reinforcement learning. many real-world problems require the coordination of multiple autonomous agents. recent work has shown the promise of graph neural networks (gnns) to learn explicit communication strategies that enable complex multi-agent coordination. these works use models of cooperative multi-agent systems whereby agents strive to achieve a shared global goal. when considering agents with self-interested local objectives, the standard design choice is to model these as separate learning systems (albeit sharing the same environment). such a design choice, however, precludes the existence of a single, differentiable communication channel, and consequently prohibits the learning of inter-agent communication strategies. in this work, we address this gap by presenting a learning model that accommodates individual non-shared rewards and a differentiable communication channel that is common among all agents. we focus on the case where agents have self-interested objectives, and develop a learning algorithm that elicits the emergence of adversarial communications. we perform experiments on multi-agent coverage and path planning problems, and employ a post-hoc interpretability technique to visualize the messages that agents communicate to each other. we show how a single self-interested agent is capable of learning highly manipulative communication strategies that allows it to significantly outperform a cooperative team of agents."
Alex Church,Alex Church,1,http://arxiv.org/abs/2008.02646v1,cs.AI;cs.RO,"deep reinforcement learning for tactile robotics: learning to type on a braille keyboard. artificial touch would seem well-suited for reinforcement learning (rl), since both paradigms rely on interaction with an environment. here we propose a new environment and set of tasks to encourage development of tactile reinforcement learning: learning to type on a braille keyboard. four tasks are proposed, progressing in difficulty from arrow to alphabet keys and from discrete to continuous actions. a simulated counterpart is also constructed by sampling tactile data from the physical environment. using state-of-the-art deep rl algorithms, we show that all of these tasks can be successfully learnt in simulation, and 3 out of 4 tasks can be learned on the real robot. a lack of sample efficiency currently makes the continuous alphabet task impractical on the robot. to the best of our knowledge, this work presents the first demonstration of successfully training deep rl agents in the real world using observations that exclusively consist of tactile images. to aid future research utilising this environment, the code for this project has been released along with designs of the braille keycaps for 3d printing and a guide for recreating the experiments. a brief video summary is also available at https://youtu.be/enylca2ue_e."
John Lloyd,John Lloyd,1,http://arxiv.org/abs/2008.02646v1,cs.AI;cs.RO,"deep reinforcement learning for tactile robotics: learning to type on a braille keyboard. artificial touch would seem well-suited for reinforcement learning (rl), since both paradigms rely on interaction with an environment. here we propose a new environment and set of tasks to encourage development of tactile reinforcement learning: learning to type on a braille keyboard. four tasks are proposed, progressing in difficulty from arrow to alphabet keys and from discrete to continuous actions. a simulated counterpart is also constructed by sampling tactile data from the physical environment. using state-of-the-art deep rl algorithms, we show that all of these tasks can be successfully learnt in simulation, and 3 out of 4 tasks can be learned on the real robot. a lack of sample efficiency currently makes the continuous alphabet task impractical on the robot. to the best of our knowledge, this work presents the first demonstration of successfully training deep rl agents in the real world using observations that exclusively consist of tactile images. to aid future research utilising this environment, the code for this project has been released along with designs of the braille keycaps for 3d printing and a guide for recreating the experiments. a brief video summary is also available at https://youtu.be/enylca2ue_e."
Raia Hadsell,Raia Hadsell,1,http://arxiv.org/abs/2008.02646v1,cs.AI;cs.RO,"deep reinforcement learning for tactile robotics: learning to type on a braille keyboard. artificial touch would seem well-suited for reinforcement learning (rl), since both paradigms rely on interaction with an environment. here we propose a new environment and set of tasks to encourage development of tactile reinforcement learning: learning to type on a braille keyboard. four tasks are proposed, progressing in difficulty from arrow to alphabet keys and from discrete to continuous actions. a simulated counterpart is also constructed by sampling tactile data from the physical environment. using state-of-the-art deep rl algorithms, we show that all of these tasks can be successfully learnt in simulation, and 3 out of 4 tasks can be learned on the real robot. a lack of sample efficiency currently makes the continuous alphabet task impractical on the robot. to the best of our knowledge, this work presents the first demonstration of successfully training deep rl agents in the real world using observations that exclusively consist of tactile images. to aid future research utilising this environment, the code for this project has been released along with designs of the braille keycaps for 3d printing and a guide for recreating the experiments. a brief video summary is also available at https://youtu.be/enylca2ue_e."
Nathan F. Lepora,Nathan F. Lepora,1,http://arxiv.org/abs/2008.02646v1,cs.AI;cs.RO,"deep reinforcement learning for tactile robotics: learning to type on a braille keyboard. artificial touch would seem well-suited for reinforcement learning (rl), since both paradigms rely on interaction with an environment. here we propose a new environment and set of tasks to encourage development of tactile reinforcement learning: learning to type on a braille keyboard. four tasks are proposed, progressing in difficulty from arrow to alphabet keys and from discrete to continuous actions. a simulated counterpart is also constructed by sampling tactile data from the physical environment. using state-of-the-art deep rl algorithms, we show that all of these tasks can be successfully learnt in simulation, and 3 out of 4 tasks can be learned on the real robot. a lack of sample efficiency currently makes the continuous alphabet task impractical on the robot. to the best of our knowledge, this work presents the first demonstration of successfully training deep rl agents in the real world using observations that exclusively consist of tactile images. to aid future research utilising this environment, the code for this project has been released along with designs of the braille keycaps for 3d printing and a guide for recreating the experiments. a brief video summary is also available at https://youtu.be/enylca2ue_e."
Pedro Cabalar,Pedro Cabalar,1,http://arxiv.org/abs/2008.02018v1,cs.AI;cs.LO,"eclingo: a solver for epistemic logic programs. we describe eclingo, a solver for epistemic logic programs under gelfond 1991 semantics built upon the answer set programming system clingo. the input language of eclingo uses the syntax extension capabilities of clingo to define subjective literals that, as usual in epistemic logic programs, allow for checking the truth of a regular literal in all or in some of the answer sets of a program. the eclingo solving process follows a guess and check strategy. it first generates potential truth values for subjective literals and, in a second step, it checks the obtained result with respect to the cautious and brave consequences of the program. this process is implemented using the multi-shot functionalities of clingo. we have also implemented some optimisations, aiming at reducing the search space and, therefore, increasing eclingo's efficiency in some scenarios. finally, we compare the efficiency of eclingo with two state-of-the-art solvers for epistemic logic programs on a pair of benchmark scenarios and show that eclingo generally outperforms their obtained results. under consideration for acceptance in tplp."
Jorge Fandinno,Jorge Fandinno,1,http://arxiv.org/abs/2008.02018v1,cs.AI;cs.LO,"eclingo: a solver for epistemic logic programs. we describe eclingo, a solver for epistemic logic programs under gelfond 1991 semantics built upon the answer set programming system clingo. the input language of eclingo uses the syntax extension capabilities of clingo to define subjective literals that, as usual in epistemic logic programs, allow for checking the truth of a regular literal in all or in some of the answer sets of a program. the eclingo solving process follows a guess and check strategy. it first generates potential truth values for subjective literals and, in a second step, it checks the obtained result with respect to the cautious and brave consequences of the program. this process is implemented using the multi-shot functionalities of clingo. we have also implemented some optimisations, aiming at reducing the search space and, therefore, increasing eclingo's efficiency in some scenarios. finally, we compare the efficiency of eclingo with two state-of-the-art solvers for epistemic logic programs on a pair of benchmark scenarios and show that eclingo generally outperforms their obtained results. under consideration for acceptance in tplp."
Javier Garea,Javier Garea,1,http://arxiv.org/abs/2008.02018v1,cs.AI;cs.LO,"eclingo: a solver for epistemic logic programs. we describe eclingo, a solver for epistemic logic programs under gelfond 1991 semantics built upon the answer set programming system clingo. the input language of eclingo uses the syntax extension capabilities of clingo to define subjective literals that, as usual in epistemic logic programs, allow for checking the truth of a regular literal in all or in some of the answer sets of a program. the eclingo solving process follows a guess and check strategy. it first generates potential truth values for subjective literals and, in a second step, it checks the obtained result with respect to the cautious and brave consequences of the program. this process is implemented using the multi-shot functionalities of clingo. we have also implemented some optimisations, aiming at reducing the search space and, therefore, increasing eclingo's efficiency in some scenarios. finally, we compare the efficiency of eclingo with two state-of-the-art solvers for epistemic logic programs on a pair of benchmark scenarios and show that eclingo generally outperforms their obtained results. under consideration for acceptance in tplp."
Javier Romero,Javier Romero,1,http://arxiv.org/abs/2008.02018v1,cs.AI;cs.LO,"eclingo: a solver for epistemic logic programs. we describe eclingo, a solver for epistemic logic programs under gelfond 1991 semantics built upon the answer set programming system clingo. the input language of eclingo uses the syntax extension capabilities of clingo to define subjective literals that, as usual in epistemic logic programs, allow for checking the truth of a regular literal in all or in some of the answer sets of a program. the eclingo solving process follows a guess and check strategy. it first generates potential truth values for subjective literals and, in a second step, it checks the obtained result with respect to the cautious and brave consequences of the program. this process is implemented using the multi-shot functionalities of clingo. we have also implemented some optimisations, aiming at reducing the search space and, therefore, increasing eclingo's efficiency in some scenarios. finally, we compare the efficiency of eclingo with two state-of-the-art solvers for epistemic logic programs on a pair of benchmark scenarios and show that eclingo generally outperforms their obtained results. under consideration for acceptance in tplp."
Torsten Schaub,Torsten Schaub,1,http://arxiv.org/abs/2008.02018v1,cs.AI;cs.LO,"eclingo: a solver for epistemic logic programs. we describe eclingo, a solver for epistemic logic programs under gelfond 1991 semantics built upon the answer set programming system clingo. the input language of eclingo uses the syntax extension capabilities of clingo to define subjective literals that, as usual in epistemic logic programs, allow for checking the truth of a regular literal in all or in some of the answer sets of a program. the eclingo solving process follows a guess and check strategy. it first generates potential truth values for subjective literals and, in a second step, it checks the obtained result with respect to the cautious and brave consequences of the program. this process is implemented using the multi-shot functionalities of clingo. we have also implemented some optimisations, aiming at reducing the search space and, therefore, increasing eclingo's efficiency in some scenarios. finally, we compare the efficiency of eclingo with two state-of-the-art solvers for epistemic logic programs on a pair of benchmark scenarios and show that eclingo generally outperforms their obtained results. under consideration for acceptance in tplp."
Ruigang Fu,Ruigang Fu,1,http://arxiv.org/abs/2008.02312v4,cs.AI;cs.CV;cs.LG;eess.IV,"axiom-based grad-cam: towards accurate visualization and explanation of cnns. to have a better understanding and usage of convolution neural networks (cnns), the visualization and interpretation of cnns has attracted increasing attention in recent years. in particular, several class activation mapping (cam) methods have been proposed to discover the connection between cnn's decision and image regions. in spite of the reasonable visualization, lack of clear and sufficient theoretical support is the main limitation of these methods. in this paper, we introduce two axioms -- conservation and sensitivity -- to the visualization paradigm of the cam methods. meanwhile, a dedicated axiom-based grad-cam (xgrad-cam) is proposed to satisfy these axioms as much as possible. experiments demonstrate that xgrad-cam is an enhanced version of grad-cam in terms of conservation and sensitivity. it is able to achieve better visualization performance than grad-cam, while also be class-discriminative and easy-to-implement compared with grad-cam++ and ablation-cam. the code is available at https://github.com/fu0511/xgrad-cam."
Qingyong Hu,Qingyong Hu,1,http://arxiv.org/abs/2008.02312v4,cs.AI;cs.CV;cs.LG;eess.IV,"axiom-based grad-cam: towards accurate visualization and explanation of cnns. to have a better understanding and usage of convolution neural networks (cnns), the visualization and interpretation of cnns has attracted increasing attention in recent years. in particular, several class activation mapping (cam) methods have been proposed to discover the connection between cnn's decision and image regions. in spite of the reasonable visualization, lack of clear and sufficient theoretical support is the main limitation of these methods. in this paper, we introduce two axioms -- conservation and sensitivity -- to the visualization paradigm of the cam methods. meanwhile, a dedicated axiom-based grad-cam (xgrad-cam) is proposed to satisfy these axioms as much as possible. experiments demonstrate that xgrad-cam is an enhanced version of grad-cam in terms of conservation and sensitivity. it is able to achieve better visualization performance than grad-cam, while also be class-discriminative and easy-to-implement compared with grad-cam++ and ablation-cam. the code is available at https://github.com/fu0511/xgrad-cam."
Xiaohu Dong,Xiaohu Dong,1,http://arxiv.org/abs/2008.02312v4,cs.AI;cs.CV;cs.LG;eess.IV,"axiom-based grad-cam: towards accurate visualization and explanation of cnns. to have a better understanding and usage of convolution neural networks (cnns), the visualization and interpretation of cnns has attracted increasing attention in recent years. in particular, several class activation mapping (cam) methods have been proposed to discover the connection between cnn's decision and image regions. in spite of the reasonable visualization, lack of clear and sufficient theoretical support is the main limitation of these methods. in this paper, we introduce two axioms -- conservation and sensitivity -- to the visualization paradigm of the cam methods. meanwhile, a dedicated axiom-based grad-cam (xgrad-cam) is proposed to satisfy these axioms as much as possible. experiments demonstrate that xgrad-cam is an enhanced version of grad-cam in terms of conservation and sensitivity. it is able to achieve better visualization performance than grad-cam, while also be class-discriminative and easy-to-implement compared with grad-cam++ and ablation-cam. the code is available at https://github.com/fu0511/xgrad-cam."
Yulan Guo,Yulan Guo,1,http://arxiv.org/abs/2008.02312v4,cs.AI;cs.CV;cs.LG;eess.IV,"axiom-based grad-cam: towards accurate visualization and explanation of cnns. to have a better understanding and usage of convolution neural networks (cnns), the visualization and interpretation of cnns has attracted increasing attention in recent years. in particular, several class activation mapping (cam) methods have been proposed to discover the connection between cnn's decision and image regions. in spite of the reasonable visualization, lack of clear and sufficient theoretical support is the main limitation of these methods. in this paper, we introduce two axioms -- conservation and sensitivity -- to the visualization paradigm of the cam methods. meanwhile, a dedicated axiom-based grad-cam (xgrad-cam) is proposed to satisfy these axioms as much as possible. experiments demonstrate that xgrad-cam is an enhanced version of grad-cam in terms of conservation and sensitivity. it is able to achieve better visualization performance than grad-cam, while also be class-discriminative and easy-to-implement compared with grad-cam++ and ablation-cam. the code is available at https://github.com/fu0511/xgrad-cam."
Yinghui Gao,Yinghui Gao,1,http://arxiv.org/abs/2008.02312v4,cs.AI;cs.CV;cs.LG;eess.IV,"axiom-based grad-cam: towards accurate visualization and explanation of cnns. to have a better understanding and usage of convolution neural networks (cnns), the visualization and interpretation of cnns has attracted increasing attention in recent years. in particular, several class activation mapping (cam) methods have been proposed to discover the connection between cnn's decision and image regions. in spite of the reasonable visualization, lack of clear and sufficient theoretical support is the main limitation of these methods. in this paper, we introduce two axioms -- conservation and sensitivity -- to the visualization paradigm of the cam methods. meanwhile, a dedicated axiom-based grad-cam (xgrad-cam) is proposed to satisfy these axioms as much as possible. experiments demonstrate that xgrad-cam is an enhanced version of grad-cam in terms of conservation and sensitivity. it is able to achieve better visualization performance than grad-cam, while also be class-discriminative and easy-to-implement compared with grad-cam++ and ablation-cam. the code is available at https://github.com/fu0511/xgrad-cam."
Biao Li,Biao Li,1,http://arxiv.org/abs/2008.02312v4,cs.AI;cs.CV;cs.LG;eess.IV,"axiom-based grad-cam: towards accurate visualization and explanation of cnns. to have a better understanding and usage of convolution neural networks (cnns), the visualization and interpretation of cnns has attracted increasing attention in recent years. in particular, several class activation mapping (cam) methods have been proposed to discover the connection between cnn's decision and image regions. in spite of the reasonable visualization, lack of clear and sufficient theoretical support is the main limitation of these methods. in this paper, we introduce two axioms -- conservation and sensitivity -- to the visualization paradigm of the cam methods. meanwhile, a dedicated axiom-based grad-cam (xgrad-cam) is proposed to satisfy these axioms as much as possible. experiments demonstrate that xgrad-cam is an enhanced version of grad-cam in terms of conservation and sensitivity. it is able to achieve better visualization performance than grad-cam, while also be class-discriminative and easy-to-implement compared with grad-cam++ and ablation-cam. the code is available at https://github.com/fu0511/xgrad-cam."
Anitha Kannan,Anitha Kannan,1,http://arxiv.org/abs/2008.03323v3,cs.AI;cs.LG,"covid-19 in differential diagnosis of online symptom assessments. the covid-19 pandemic has magnified an already existing trend of people looking for healthcare solutions online. one class of solutions are symptom checkers, which have become very popular in the context of covid-19. traditional symptom checkers, however, are based on manually curated expert systems that are inflexible and hard to modify, especially in a quickly changing situation like the one we are facing today. that is why all covid-19 existing solutions are manual symptom checkers that can only estimate the probability of this disease and cannot contemplate alternative hypothesis or come up with a differential diagnosis. while machine learning offers an alternative, the lack of reliable data does not make it easy to apply to covid-19 either. in this paper we present an approach that combines the strengths of traditional ai expert systems and novel deep learning models. in doing so we can leverage prior knowledge as well as any amount of existing data to quickly derive models that best adapt to the current state of the world and latest scientific knowledge. we use the approach to train a covid-19 aware differential diagnosis model that can be used for medical decision support both for doctors or patients. we show that our approach is able to accurately model new incoming data about covid-19 while still preserving accuracy on conditions that had been modeled in the past. while our approach shows evident and clear advantages for an extreme situation like the one we are currently facing, we also show that its flexibility generalizes beyond this concrete, but very important, example."
Richard Chen,Richard Chen,1,http://arxiv.org/abs/2008.03323v3,cs.AI;cs.LG,"covid-19 in differential diagnosis of online symptom assessments. the covid-19 pandemic has magnified an already existing trend of people looking for healthcare solutions online. one class of solutions are symptom checkers, which have become very popular in the context of covid-19. traditional symptom checkers, however, are based on manually curated expert systems that are inflexible and hard to modify, especially in a quickly changing situation like the one we are facing today. that is why all covid-19 existing solutions are manual symptom checkers that can only estimate the probability of this disease and cannot contemplate alternative hypothesis or come up with a differential diagnosis. while machine learning offers an alternative, the lack of reliable data does not make it easy to apply to covid-19 either. in this paper we present an approach that combines the strengths of traditional ai expert systems and novel deep learning models. in doing so we can leverage prior knowledge as well as any amount of existing data to quickly derive models that best adapt to the current state of the world and latest scientific knowledge. we use the approach to train a covid-19 aware differential diagnosis model that can be used for medical decision support both for doctors or patients. we show that our approach is able to accurately model new incoming data about covid-19 while still preserving accuracy on conditions that had been modeled in the past. while our approach shows evident and clear advantages for an extreme situation like the one we are currently facing, we also show that its flexibility generalizes beyond this concrete, but very important, example."
Vignesh Venkataraman,Vignesh Venkataraman,1,http://arxiv.org/abs/2008.03323v3,cs.AI;cs.LG,"covid-19 in differential diagnosis of online symptom assessments. the covid-19 pandemic has magnified an already existing trend of people looking for healthcare solutions online. one class of solutions are symptom checkers, which have become very popular in the context of covid-19. traditional symptom checkers, however, are based on manually curated expert systems that are inflexible and hard to modify, especially in a quickly changing situation like the one we are facing today. that is why all covid-19 existing solutions are manual symptom checkers that can only estimate the probability of this disease and cannot contemplate alternative hypothesis or come up with a differential diagnosis. while machine learning offers an alternative, the lack of reliable data does not make it easy to apply to covid-19 either. in this paper we present an approach that combines the strengths of traditional ai expert systems and novel deep learning models. in doing so we can leverage prior knowledge as well as any amount of existing data to quickly derive models that best adapt to the current state of the world and latest scientific knowledge. we use the approach to train a covid-19 aware differential diagnosis model that can be used for medical decision support both for doctors or patients. we show that our approach is able to accurately model new incoming data about covid-19 while still preserving accuracy on conditions that had been modeled in the past. while our approach shows evident and clear advantages for an extreme situation like the one we are currently facing, we also show that its flexibility generalizes beyond this concrete, but very important, example."
Geoffrey J. Tso,Geoffrey J. Tso,1,http://arxiv.org/abs/2008.03323v3,cs.AI;cs.LG,"covid-19 in differential diagnosis of online symptom assessments. the covid-19 pandemic has magnified an already existing trend of people looking for healthcare solutions online. one class of solutions are symptom checkers, which have become very popular in the context of covid-19. traditional symptom checkers, however, are based on manually curated expert systems that are inflexible and hard to modify, especially in a quickly changing situation like the one we are facing today. that is why all covid-19 existing solutions are manual symptom checkers that can only estimate the probability of this disease and cannot contemplate alternative hypothesis or come up with a differential diagnosis. while machine learning offers an alternative, the lack of reliable data does not make it easy to apply to covid-19 either. in this paper we present an approach that combines the strengths of traditional ai expert systems and novel deep learning models. in doing so we can leverage prior knowledge as well as any amount of existing data to quickly derive models that best adapt to the current state of the world and latest scientific knowledge. we use the approach to train a covid-19 aware differential diagnosis model that can be used for medical decision support both for doctors or patients. we show that our approach is able to accurately model new incoming data about covid-19 while still preserving accuracy on conditions that had been modeled in the past. while our approach shows evident and clear advantages for an extreme situation like the one we are currently facing, we also show that its flexibility generalizes beyond this concrete, but very important, example."
Xavier Amatriain,Xavier Amatriain,1,http://arxiv.org/abs/2008.03323v3,cs.AI;cs.LG,"covid-19 in differential diagnosis of online symptom assessments. the covid-19 pandemic has magnified an already existing trend of people looking for healthcare solutions online. one class of solutions are symptom checkers, which have become very popular in the context of covid-19. traditional symptom checkers, however, are based on manually curated expert systems that are inflexible and hard to modify, especially in a quickly changing situation like the one we are facing today. that is why all covid-19 existing solutions are manual symptom checkers that can only estimate the probability of this disease and cannot contemplate alternative hypothesis or come up with a differential diagnosis. while machine learning offers an alternative, the lack of reliable data does not make it easy to apply to covid-19 either. in this paper we present an approach that combines the strengths of traditional ai expert systems and novel deep learning models. in doing so we can leverage prior knowledge as well as any amount of existing data to quickly derive models that best adapt to the current state of the world and latest scientific knowledge. we use the approach to train a covid-19 aware differential diagnosis model that can be used for medical decision support both for doctors or patients. we show that our approach is able to accurately model new incoming data about covid-19 while still preserving accuracy on conditions that had been modeled in the past. while our approach shows evident and clear advantages for an extreme situation like the one we are currently facing, we also show that its flexibility generalizes beyond this concrete, but very important, example."
David L. Martin,David L. Martin,1,http://arxiv.org/abs/2008.03900v2,cs.AI,"wikidata constraints on mars (extended technical report). wikidata constraints, albeit useful, are represented and processed in an incomplete, ad hoc fashion. constraint declarations do not fully express their meaning, and thus do not provide a precise, unambiguous basis for constraint specification, or a logical foundation for constraint-checking implementations. in prior work we have proposed a logical framework for wikidata as a whole, based on multi-attributed relational structures (mars) and related logical languages. in this paper we explain how constraints are handled in the proposed framework, and show that nearly all of wikidata's existing property constraints can be completely characterized in it, in a natural and economical fashion. we also give characterizations for several proposed property constraints, and show that a variety of non-property constraints can be handled in the same framework."
Peter F. Patel-Schneider,Peter F. Patel-Schneider,1,http://arxiv.org/abs/2008.03900v2,cs.AI,"wikidata constraints on mars (extended technical report). wikidata constraints, albeit useful, are represented and processed in an incomplete, ad hoc fashion. constraint declarations do not fully express their meaning, and thus do not provide a precise, unambiguous basis for constraint specification, or a logical foundation for constraint-checking implementations. in prior work we have proposed a logical framework for wikidata as a whole, based on multi-attributed relational structures (mars) and related logical languages. in this paper we explain how constraints are handled in the proposed framework, and show that nearly all of wikidata's existing property constraints can be completely characterized in it, in a natural and economical fashion. we also give characterizations for several proposed property constraints, and show that a variety of non-property constraints can be handled in the same framework."
Lê Nguyên Hoang,Lê Nguyên Hoang,1,http://arxiv.org/abs/2008.04256v1,cs.AI;econ.TH,"purely bayesian counterfactuals versus newcomb's paradox. this paper proposes a careful separation between an entity's epistemic system and their decision system. crucially, bayesian counterfactuals are estimated by the epistemic system; not by the decision system. based on this remark, i prove the existence of newcomb-like problems for which an epistemic system necessarily expects the entity to make a counterfactually bad decision. i then address (a slight generalization of) newcomb's paradox. i solve the specific case where the player believes that the predictor applies bayes rule with a supset of all the data available to the player. i prove that the counterfactual optimality of the 1-box strategy depends on the player's prior on the predictor's additional data. if these additional data are not expected to reduce sufficiently the predictor's uncertainty on the player's decision, then the player's epistemic system will counterfactually prefer to 2-box. but if the predictor's data is believed to make them quasi-omniscient, then 1-box will be counterfactually preferred. implications of the analysis are then discussed. more generally, i argue that, to better understand or design an entity, it is useful to clearly separate the entity's epistemic, decision, but also data collection, reward and maintenance systems, whether the entity is human, algorithmic or institutional."
Ibrahim Ahmed,Ibrahim Ahmed,1,http://arxiv.org/abs/2008.04407v1,cs.AI;cs.LG;eess.SY,"fault-tolerant control of degrading systems with on-policy reinforcement learning. we propose a novel adaptive reinforcement learning control approach for fault tolerant control of degrading systems that is not preceded by a fault detection and diagnosis step. therefore, a priori knowledge of faults that may occur in the system is not required. the adaptive scheme combines online and offline learning of the on-policy control method to improve exploration and sample efficiency, while guaranteeing stable learning. the offline learning phase is performed using a data-driven model of the system, which is frequently updated to track the system's operating conditions. we conduct experiments on an aircraft fuel transfer system to demonstrate the effectiveness of our approach."
Marcos Quiñones-Grueiro,Marcos Quiñones-Grueiro,1,http://arxiv.org/abs/2008.04407v1,cs.AI;cs.LG;eess.SY,"fault-tolerant control of degrading systems with on-policy reinforcement learning. we propose a novel adaptive reinforcement learning control approach for fault tolerant control of degrading systems that is not preceded by a fault detection and diagnosis step. therefore, a priori knowledge of faults that may occur in the system is not required. the adaptive scheme combines online and offline learning of the on-policy control method to improve exploration and sample efficiency, while guaranteeing stable learning. the offline learning phase is performed using a data-driven model of the system, which is frequently updated to track the system's operating conditions. we conduct experiments on an aircraft fuel transfer system to demonstrate the effectiveness of our approach."
Gautam Biswas,Gautam Biswas,1,http://arxiv.org/abs/2008.04407v1,cs.AI;cs.LG;eess.SY,"fault-tolerant control of degrading systems with on-policy reinforcement learning. we propose a novel adaptive reinforcement learning control approach for fault tolerant control of degrading systems that is not preceded by a fault detection and diagnosis step. therefore, a priori knowledge of faults that may occur in the system is not required. the adaptive scheme combines online and offline learning of the on-policy control method to improve exploration and sample efficiency, while guaranteeing stable learning. the offline learning phase is performed using a data-driven model of the system, which is frequently updated to track the system's operating conditions. we conduct experiments on an aircraft fuel transfer system to demonstrate the effectiveness of our approach."
Paolo Felli,Paolo Felli,1,http://arxiv.org/abs/2008.04774v2,cs.AI;cs.MA,"smt-based safety verification of parameterised multi-agent systems. in this paper we study the verification of parameterised multi-agent systems (mass), and in particular the task of verifying whether unwanted states, characterised as a given state formula, are reachable in a given mas, i.e., whether the mas is unsafe. the mas is parameterised and the model only describes the finite set of possible agent templates, while the actual number of concrete agent instances for each template is unbounded and cannot be foreseen. this makes the state-space infinite. as safety may of course depend on the number of agent instances in the system, the verification result must be correct irrespective of such number. we solve this problem via infinite-state model checking based on satisfiability modulo theories (smt), relying on the theory of array-based systems: we present parameterised mass as particular array-based systems, under two execution semantics for the mas, which we call concurrent and interleaved. we prove our decidability results under these assumptions and illustrate our implementation approach, called safe: the swarm safety detector, based on the third-party model checker mcmt, which we evaluate experimentally. finally, we discuss how this approach lends itself to richer parameterised and data-aware mas settings beyond the state-of-the-art solutions in the literature, which we leave as future work."
Alessandro Gianola,Alessandro Gianola,1,http://arxiv.org/abs/2008.04774v2,cs.AI;cs.MA,"smt-based safety verification of parameterised multi-agent systems. in this paper we study the verification of parameterised multi-agent systems (mass), and in particular the task of verifying whether unwanted states, characterised as a given state formula, are reachable in a given mas, i.e., whether the mas is unsafe. the mas is parameterised and the model only describes the finite set of possible agent templates, while the actual number of concrete agent instances for each template is unbounded and cannot be foreseen. this makes the state-space infinite. as safety may of course depend on the number of agent instances in the system, the verification result must be correct irrespective of such number. we solve this problem via infinite-state model checking based on satisfiability modulo theories (smt), relying on the theory of array-based systems: we present parameterised mass as particular array-based systems, under two execution semantics for the mas, which we call concurrent and interleaved. we prove our decidability results under these assumptions and illustrate our implementation approach, called safe: the swarm safety detector, based on the third-party model checker mcmt, which we evaluate experimentally. finally, we discuss how this approach lends itself to richer parameterised and data-aware mas settings beyond the state-of-the-art solutions in the literature, which we leave as future work."
Marco Montali,Marco Montali,1,http://arxiv.org/abs/2008.04774v2,cs.AI;cs.MA,"smt-based safety verification of parameterised multi-agent systems. in this paper we study the verification of parameterised multi-agent systems (mass), and in particular the task of verifying whether unwanted states, characterised as a given state formula, are reachable in a given mas, i.e., whether the mas is unsafe. the mas is parameterised and the model only describes the finite set of possible agent templates, while the actual number of concrete agent instances for each template is unbounded and cannot be foreseen. this makes the state-space infinite. as safety may of course depend on the number of agent instances in the system, the verification result must be correct irrespective of such number. we solve this problem via infinite-state model checking based on satisfiability modulo theories (smt), relying on the theory of array-based systems: we present parameterised mass as particular array-based systems, under two execution semantics for the mas, which we call concurrent and interleaved. we prove our decidability results under these assumptions and illustrate our implementation approach, called safe: the swarm safety detector, based on the third-party model checker mcmt, which we evaluate experimentally. finally, we discuss how this approach lends itself to richer parameterised and data-aware mas settings beyond the state-of-the-art solutions in the literature, which we leave as future work."
Lucas Y. Tian,Lucas Y. Tian,1,http://arxiv.org/abs/2008.03519v1,cs.AI;cs.LG;q-bio.NC,"learning abstract structure for drawing by efficient motor program induction. humans flexibly solve new problems that differ qualitatively from those they were trained on. this ability to generalize is supported by learned concepts that capture structure common across different problems. here we develop a naturalistic drawing task to study how humans rapidly acquire structured prior knowledge. the task requires drawing visual objects that share underlying structure, based on a set of composable geometric rules. we show that people spontaneously learn abstract drawing procedures that support generalization, and propose a model of how learners can discover these reusable drawing programs. trained in the same setting as humans, and constrained to produce efficient motor actions, this model discovers new drawing routines that transfer to test objects and resemble learned features of human sequences. these results suggest that two principles guiding motor program induction in the model - abstraction (general programs that ignore object-specific details) and compositionality (recombining previously learned programs) - are key for explaining how humans learn structured internal representations that guide flexible reasoning and learning."
Kevin Ellis,Kevin Ellis,1,http://arxiv.org/abs/2008.03519v1,cs.AI;cs.LG;q-bio.NC,"learning abstract structure for drawing by efficient motor program induction. humans flexibly solve new problems that differ qualitatively from those they were trained on. this ability to generalize is supported by learned concepts that capture structure common across different problems. here we develop a naturalistic drawing task to study how humans rapidly acquire structured prior knowledge. the task requires drawing visual objects that share underlying structure, based on a set of composable geometric rules. we show that people spontaneously learn abstract drawing procedures that support generalization, and propose a model of how learners can discover these reusable drawing programs. trained in the same setting as humans, and constrained to produce efficient motor actions, this model discovers new drawing routines that transfer to test objects and resemble learned features of human sequences. these results suggest that two principles guiding motor program induction in the model - abstraction (general programs that ignore object-specific details) and compositionality (recombining previously learned programs) - are key for explaining how humans learn structured internal representations that guide flexible reasoning and learning."
Marta Kryven,Marta Kryven,1,http://arxiv.org/abs/2008.03519v1,cs.AI;cs.LG;q-bio.NC,"learning abstract structure for drawing by efficient motor program induction. humans flexibly solve new problems that differ qualitatively from those they were trained on. this ability to generalize is supported by learned concepts that capture structure common across different problems. here we develop a naturalistic drawing task to study how humans rapidly acquire structured prior knowledge. the task requires drawing visual objects that share underlying structure, based on a set of composable geometric rules. we show that people spontaneously learn abstract drawing procedures that support generalization, and propose a model of how learners can discover these reusable drawing programs. trained in the same setting as humans, and constrained to produce efficient motor actions, this model discovers new drawing routines that transfer to test objects and resemble learned features of human sequences. these results suggest that two principles guiding motor program induction in the model - abstraction (general programs that ignore object-specific details) and compositionality (recombining previously learned programs) - are key for explaining how humans learn structured internal representations that guide flexible reasoning and learning."
Joshua B. Tenenbaum,Joshua B. Tenenbaum,1,http://arxiv.org/abs/2008.03519v1,cs.AI;cs.LG;q-bio.NC,"learning abstract structure for drawing by efficient motor program induction. humans flexibly solve new problems that differ qualitatively from those they were trained on. this ability to generalize is supported by learned concepts that capture structure common across different problems. here we develop a naturalistic drawing task to study how humans rapidly acquire structured prior knowledge. the task requires drawing visual objects that share underlying structure, based on a set of composable geometric rules. we show that people spontaneously learn abstract drawing procedures that support generalization, and propose a model of how learners can discover these reusable drawing programs. trained in the same setting as humans, and constrained to produce efficient motor actions, this model discovers new drawing routines that transfer to test objects and resemble learned features of human sequences. these results suggest that two principles guiding motor program induction in the model - abstraction (general programs that ignore object-specific details) and compositionality (recombining previously learned programs) - are key for explaining how humans learn structured internal representations that guide flexible reasoning and learning."
Dagnachew Azene Temesgene,Dagnachew Azene Temesgene,1,http://arxiv.org/abs/2008.04105v1,cs.AI;cs.LG;cs.MA;cs.NI,"distributed deep reinforcement learning for functional split control in energy harvesting virtualized small cells. to meet the growing quest for enhanced network capacity, mobile network operators (mnos) are deploying dense infrastructures of small cells. this, in turn, increases the power consumption of mobile networks, thus impacting the environment. as a result, we have seen a recent trend of powering mobile networks with harvested ambient energy to achieve both environmental and cost benefits. in this paper, we consider a network of virtualized small cells (vscs) powered by energy harvesters and equipped with rechargeable batteries, which can opportunistically offload baseband (bb) functions to a grid-connected edge server depending on their energy availability. we formulate the corresponding grid energy and traffic drop rate minimization problem, and propose a distributed deep reinforcement learning (ddrl) solution. coordination among vscs is enabled via the exchange of battery state information. the evaluation of the network performance in terms of grid energy consumption and traffic drop rate confirms that enabling coordination among the vscs via knowledge exchange achieves a performance close to the optimal. numerical results also confirm that the proposed ddrl solution provides higher network performance, better adaptation to the changing environment, and higher cost savings with respect to a tabular multi-agent reinforcement learning (mrl) solution used as a benchmark."
Marco Miozzo,Marco Miozzo,1,http://arxiv.org/abs/2008.04105v1,cs.AI;cs.LG;cs.MA;cs.NI,"distributed deep reinforcement learning for functional split control in energy harvesting virtualized small cells. to meet the growing quest for enhanced network capacity, mobile network operators (mnos) are deploying dense infrastructures of small cells. this, in turn, increases the power consumption of mobile networks, thus impacting the environment. as a result, we have seen a recent trend of powering mobile networks with harvested ambient energy to achieve both environmental and cost benefits. in this paper, we consider a network of virtualized small cells (vscs) powered by energy harvesters and equipped with rechargeable batteries, which can opportunistically offload baseband (bb) functions to a grid-connected edge server depending on their energy availability. we formulate the corresponding grid energy and traffic drop rate minimization problem, and propose a distributed deep reinforcement learning (ddrl) solution. coordination among vscs is enabled via the exchange of battery state information. the evaluation of the network performance in terms of grid energy consumption and traffic drop rate confirms that enabling coordination among the vscs via knowledge exchange achieves a performance close to the optimal. numerical results also confirm that the proposed ddrl solution provides higher network performance, better adaptation to the changing environment, and higher cost savings with respect to a tabular multi-agent reinforcement learning (mrl) solution used as a benchmark."
Deniz Gündüz,Deniz Gündüz,1,http://arxiv.org/abs/2008.04105v1,cs.AI;cs.LG;cs.MA;cs.NI,"distributed deep reinforcement learning for functional split control in energy harvesting virtualized small cells. to meet the growing quest for enhanced network capacity, mobile network operators (mnos) are deploying dense infrastructures of small cells. this, in turn, increases the power consumption of mobile networks, thus impacting the environment. as a result, we have seen a recent trend of powering mobile networks with harvested ambient energy to achieve both environmental and cost benefits. in this paper, we consider a network of virtualized small cells (vscs) powered by energy harvesters and equipped with rechargeable batteries, which can opportunistically offload baseband (bb) functions to a grid-connected edge server depending on their energy availability. we formulate the corresponding grid energy and traffic drop rate minimization problem, and propose a distributed deep reinforcement learning (ddrl) solution. coordination among vscs is enabled via the exchange of battery state information. the evaluation of the network performance in terms of grid energy consumption and traffic drop rate confirms that enabling coordination among the vscs via knowledge exchange achieves a performance close to the optimal. numerical results also confirm that the proposed ddrl solution provides higher network performance, better adaptation to the changing environment, and higher cost savings with respect to a tabular multi-agent reinforcement learning (mrl) solution used as a benchmark."
Paolo Dini,Paolo Dini,1,http://arxiv.org/abs/2008.04105v1,cs.AI;cs.LG;cs.MA;cs.NI,"distributed deep reinforcement learning for functional split control in energy harvesting virtualized small cells. to meet the growing quest for enhanced network capacity, mobile network operators (mnos) are deploying dense infrastructures of small cells. this, in turn, increases the power consumption of mobile networks, thus impacting the environment. as a result, we have seen a recent trend of powering mobile networks with harvested ambient energy to achieve both environmental and cost benefits. in this paper, we consider a network of virtualized small cells (vscs) powered by energy harvesters and equipped with rechargeable batteries, which can opportunistically offload baseband (bb) functions to a grid-connected edge server depending on their energy availability. we formulate the corresponding grid energy and traffic drop rate minimization problem, and propose a distributed deep reinforcement learning (ddrl) solution. coordination among vscs is enabled via the exchange of battery state information. the evaluation of the network performance in terms of grid energy consumption and traffic drop rate confirms that enabling coordination among the vscs via knowledge exchange achieves a performance close to the optimal. numerical results also confirm that the proposed ddrl solution provides higher network performance, better adaptation to the changing environment, and higher cost savings with respect to a tabular multi-agent reinforcement learning (mrl) solution used as a benchmark."
Alasdair Hill,Alasdair Hill,1,http://arxiv.org/abs/2008.04165v2,cs.AI;cs.LO;cs.PL,"proof-carrying plans: a resource logic for ai planning. recent trends in ai verification and explainable ai have raised the question of whether ai planning techniques can be verified. in this paper, we present a novel resource logic, the proof carrying plans (pcp) logic that can be used to verify plans produced by ai planners. the pcp logic takes inspiration from existing resource logics (such as linear logic and separation logic) as well as hoare logic when it comes to modelling states and resource-aware plan execution. it also capitalises on the curry-howard approach to logics, in its treatment of plans as functions and plan pre- and post-conditions as types. this paper presents two main results. from the theoretical perspective, we show that the pcp logic is sound relative to the standard possible world semantics used in ai planning. from the practical perspective, we present a complete agda formalisation of the pcp logic and of its soundness proof. moreover, we showcase the curry-howard, or functional, value of this implementation by supplementing it with the library that parses ai plans into agda's proofs automatically. we provide evaluation of this library and the resulting agda functions."
Ekaterina Komendantskaya,Ekaterina Komendantskaya,1,http://arxiv.org/abs/2008.04165v2,cs.AI;cs.LO;cs.PL,"proof-carrying plans: a resource logic for ai planning. recent trends in ai verification and explainable ai have raised the question of whether ai planning techniques can be verified. in this paper, we present a novel resource logic, the proof carrying plans (pcp) logic that can be used to verify plans produced by ai planners. the pcp logic takes inspiration from existing resource logics (such as linear logic and separation logic) as well as hoare logic when it comes to modelling states and resource-aware plan execution. it also capitalises on the curry-howard approach to logics, in its treatment of plans as functions and plan pre- and post-conditions as types. this paper presents two main results. from the theoretical perspective, we show that the pcp logic is sound relative to the standard possible world semantics used in ai planning. from the practical perspective, we present a complete agda formalisation of the pcp logic and of its soundness proof. moreover, we showcase the curry-howard, or functional, value of this implementation by supplementing it with the library that parses ai plans into agda's proofs automatically. we provide evaluation of this library and the resulting agda functions."
Ronald P. A. Petrick,Ronald P. A. Petrick,1,http://arxiv.org/abs/2008.04165v2,cs.AI;cs.LO;cs.PL,"proof-carrying plans: a resource logic for ai planning. recent trends in ai verification and explainable ai have raised the question of whether ai planning techniques can be verified. in this paper, we present a novel resource logic, the proof carrying plans (pcp) logic that can be used to verify plans produced by ai planners. the pcp logic takes inspiration from existing resource logics (such as linear logic and separation logic) as well as hoare logic when it comes to modelling states and resource-aware plan execution. it also capitalises on the curry-howard approach to logics, in its treatment of plans as functions and plan pre- and post-conditions as types. this paper presents two main results. from the theoretical perspective, we show that the pcp logic is sound relative to the standard possible world semantics used in ai planning. from the practical perspective, we present a complete agda formalisation of the pcp logic and of its soundness proof. moreover, we showcase the curry-howard, or functional, value of this implementation by supplementing it with the library that parses ai plans into agda's proofs automatically. we provide evaluation of this library and the resulting agda functions."
Li Xia,Li Xia,1,http://arxiv.org/abs/2008.03707v1,cs.AI;cs.LG;math.OC,"risk-sensitive markov decision processes with combined metrics of mean and variance. this paper investigates the optimization problem of an infinite stage discrete time markov decision process (mdp) with a long-run average metric considering both mean and variance of rewards together. such performance metric is important since the mean indicates average returns and the variance indicates risk or fairness. however, the variance metric couples the rewards at all stages, the traditional dynamic programming is inapplicable as the principle of time consistency fails. we study this problem from a new perspective called the sensitivity-based optimization theory. a performance difference formula is derived and it can quantify the difference of the mean-variance combined metrics of mdps under any two different policies. the difference formula can be utilized to generate new policies with strictly improved mean-variance performance. a necessary condition of the optimal policy and the optimality of deterministic policies are derived. we further develop an iterative algorithm with a form of policy iteration, which is proved to converge to local optima both in the mixed and randomized policy space. specially, when the mean reward is constant in policies, the algorithm is guaranteed to converge to the global optimum. finally, we apply our approach to study the fluctuation reduction of wind power in an energy storage system, which demonstrates the potential applicability of our optimization method."
Ahmed H. Qureshi,Ahmed H. Qureshi,1,http://arxiv.org/abs/2008.03787v1,cs.AI;cs.LG;cs.RO,"neural manipulation planning on constraint manifolds. the presence of task constraints imposes a significant challenge to motion planning. despite all recent advancements, existing algorithms are still computationally expensive for most planning problems. in this paper, we present constrained motion planning networks (compnet), the first neural planner for multimodal kinematic constraints. our approach comprises the following components: i) constraint and environment perception encoders; ii) neural robot configuration generator that outputs configurations on/near the constraint manifold(s), and iii) a bidirectional planning algorithm that takes the generated configurations to create a feasible robot motion trajectory. we show that compnet solves practical motion planning tasks involving both unconstrained and constrained problems. furthermore, it generalizes to new unseen locations of the objects, i.e., not seen during training, in the given environments with high success rates. when compared to the state-of-the-art constrained motion planning algorithms, compnet outperforms by order of magnitude improvement in computational speed with a significantly lower variance."
Jiangeng Dong,Jiangeng Dong,1,http://arxiv.org/abs/2008.03787v1,cs.AI;cs.LG;cs.RO,"neural manipulation planning on constraint manifolds. the presence of task constraints imposes a significant challenge to motion planning. despite all recent advancements, existing algorithms are still computationally expensive for most planning problems. in this paper, we present constrained motion planning networks (compnet), the first neural planner for multimodal kinematic constraints. our approach comprises the following components: i) constraint and environment perception encoders; ii) neural robot configuration generator that outputs configurations on/near the constraint manifold(s), and iii) a bidirectional planning algorithm that takes the generated configurations to create a feasible robot motion trajectory. we show that compnet solves practical motion planning tasks involving both unconstrained and constrained problems. furthermore, it generalizes to new unseen locations of the objects, i.e., not seen during training, in the given environments with high success rates. when compared to the state-of-the-art constrained motion planning algorithms, compnet outperforms by order of magnitude improvement in computational speed with a significantly lower variance."
Austin Choe,Austin Choe,1,http://arxiv.org/abs/2008.03787v1,cs.AI;cs.LG;cs.RO,"neural manipulation planning on constraint manifolds. the presence of task constraints imposes a significant challenge to motion planning. despite all recent advancements, existing algorithms are still computationally expensive for most planning problems. in this paper, we present constrained motion planning networks (compnet), the first neural planner for multimodal kinematic constraints. our approach comprises the following components: i) constraint and environment perception encoders; ii) neural robot configuration generator that outputs configurations on/near the constraint manifold(s), and iii) a bidirectional planning algorithm that takes the generated configurations to create a feasible robot motion trajectory. we show that compnet solves practical motion planning tasks involving both unconstrained and constrained problems. furthermore, it generalizes to new unseen locations of the objects, i.e., not seen during training, in the given environments with high success rates. when compared to the state-of-the-art constrained motion planning algorithms, compnet outperforms by order of magnitude improvement in computational speed with a significantly lower variance."
Michael C. Yip,Michael C. Yip,1,http://arxiv.org/abs/2008.03787v1,cs.AI;cs.LG;cs.RO,"neural manipulation planning on constraint manifolds. the presence of task constraints imposes a significant challenge to motion planning. despite all recent advancements, existing algorithms are still computationally expensive for most planning problems. in this paper, we present constrained motion planning networks (compnet), the first neural planner for multimodal kinematic constraints. our approach comprises the following components: i) constraint and environment perception encoders; ii) neural robot configuration generator that outputs configurations on/near the constraint manifold(s), and iii) a bidirectional planning algorithm that takes the generated configurations to create a feasible robot motion trajectory. we show that compnet solves practical motion planning tasks involving both unconstrained and constrained problems. furthermore, it generalizes to new unseen locations of the objects, i.e., not seen during training, in the given environments with high success rates. when compared to the state-of-the-art constrained motion planning algorithms, compnet outperforms by order of magnitude improvement in computational speed with a significantly lower variance."
Amirhossein Moosavi,Amirhossein Moosavi,1,http://arxiv.org/abs/2008.04970v1,cs.AI;math.OC,"metaheuristics for the operating theater planning and scheduling: a systematic review. there are found a vast number of papers studying the problem of operating theater planning and scheduling. different variants of this problem are generally recognized to be np-complete; thus, several solution approaches have been utilized in the literature to confront with these complicated problems. the lack of a thorough review of the main characteristics of solution approaches is tangible in the literature (reviewing them separately and with regards to the characteristics of studied problems), which can provide pragmatic guidelines for practitioners and future research projects. this paper aims to address this issue. since different types of solution approaches usually have different characteristics, this paper focuses only on metaheuristic algorithms. through both automatic and manual search methods, we have selected and reviewed 28 papers with respect to their main problem and solution approach features. finally, some directions are introduced for future research."
Onur Ozturk,Onur Ozturk,1,http://arxiv.org/abs/2008.04970v1,cs.AI;math.OC,"metaheuristics for the operating theater planning and scheduling: a systematic review. there are found a vast number of papers studying the problem of operating theater planning and scheduling. different variants of this problem are generally recognized to be np-complete; thus, several solution approaches have been utilized in the literature to confront with these complicated problems. the lack of a thorough review of the main characteristics of solution approaches is tangible in the literature (reviewing them separately and with regards to the characteristics of studied problems), which can provide pragmatic guidelines for practitioners and future research projects. this paper aims to address this issue. since different types of solution approaches usually have different characteristics, this paper focuses only on metaheuristic algorithms. through both automatic and manual search methods, we have selected and reviewed 28 papers with respect to their main problem and solution approach features. finally, some directions are introduced for future research."
Ing. Yosvany Medina Carbó,Ing. Yosvany Medina Carbó,1,http://arxiv.org/abs/2007.11038v1,cs.AI,"sistema experto para el diagnóstico de enfermedades y plagas en los cultivos del arroz, tabaco, tomate, pimiento, maíz, pepino y frijol. agricultural production has become a complex business that requires the accumulation and integration of knowledge, in addition to information from many different sources. to remain competitive, the modern farmer often relies on agricultural specialists and advisors who provide them with information for decision making in their crops. but unfortunately, the help of the agricultural specialist is not always available when the farmer needs it. to alleviate this problem, expert systems have become a powerful instrument that has great potential within agriculture. this paper presents an expert system for the diagnosis of diseases and pests in rice, tobacco, tomato, pepper, corn, cucumber and bean crops. for the development of this expert system, swi-prolog was used to create the knowledge base, so it works with predicates and allows the system to be based on production rules. this system allows a fast and reliable diagnosis of pests and diseases that affect these crops."
MSc. Iracely Milagros Santana Ges,MSc. Iracely Milagros Santana Ges,1,http://arxiv.org/abs/2007.11038v1,cs.AI,"sistema experto para el diagnóstico de enfermedades y plagas en los cultivos del arroz, tabaco, tomate, pimiento, maíz, pepino y frijol. agricultural production has become a complex business that requires the accumulation and integration of knowledge, in addition to information from many different sources. to remain competitive, the modern farmer often relies on agricultural specialists and advisors who provide them with information for decision making in their crops. but unfortunately, the help of the agricultural specialist is not always available when the farmer needs it. to alleviate this problem, expert systems have become a powerful instrument that has great potential within agriculture. this paper presents an expert system for the diagnosis of diseases and pests in rice, tobacco, tomato, pepper, corn, cucumber and bean crops. for the development of this expert system, swi-prolog was used to create the knowledge base, so it works with predicates and allows the system to be based on production rules. this system allows a fast and reliable diagnosis of pests and diseases that affect these crops."
Lic. Saily Leo González,Lic. Saily Leo González,1,http://arxiv.org/abs/2007.11038v1,cs.AI,"sistema experto para el diagnóstico de enfermedades y plagas en los cultivos del arroz, tabaco, tomate, pimiento, maíz, pepino y frijol. agricultural production has become a complex business that requires the accumulation and integration of knowledge, in addition to information from many different sources. to remain competitive, the modern farmer often relies on agricultural specialists and advisors who provide them with information for decision making in their crops. but unfortunately, the help of the agricultural specialist is not always available when the farmer needs it. to alleviate this problem, expert systems have become a powerful instrument that has great potential within agriculture. this paper presents an expert system for the diagnosis of diseases and pests in rice, tobacco, tomato, pepper, corn, cucumber and bean crops. for the development of this expert system, swi-prolog was used to create the knowledge base, so it works with predicates and allows the system to be based on production rules. this system allows a fast and reliable diagnosis of pests and diseases that affect these crops."
Xiaowei Guo,Xiaowei Guo,1,http://arxiv.org/abs/2007.08690v1,cs.AI;cs.LG;eess.SP,"transfer deep reinforcement learning-enabled energy management strategy for hybrid tracked vehicle. this paper proposes an adaptive energy management strategy for hybrid electric vehicles by combining deep reinforcement learning (drl) and transfer learning (tl). this work aims to address the defect of drl in tedious training time. first, an optimization control modeling of a hybrid tracked vehicle is built, wherein the elaborate powertrain components are introduced. then, a bi-level control framework is constructed to derive the energy management strategies (emss). the upper-level is applying the particular deep deterministic policy gradient (ddpg) algorithms for ems training at different speed intervals. the lower-level is employing the tl method to transform the pre-trained neural networks for a novel driving cycle. finally, a series of experiments are executed to prove the effectiveness of the presented control framework. the optimality and adaptability of the formulated ems are illuminated. the founded drl and tl-enabled control policy is capable of enhancing energy efficiency and improving system performance."
Teng Liu,Teng Liu,1,http://arxiv.org/abs/2007.08690v1,cs.AI;cs.LG;eess.SP,"transfer deep reinforcement learning-enabled energy management strategy for hybrid tracked vehicle. this paper proposes an adaptive energy management strategy for hybrid electric vehicles by combining deep reinforcement learning (drl) and transfer learning (tl). this work aims to address the defect of drl in tedious training time. first, an optimization control modeling of a hybrid tracked vehicle is built, wherein the elaborate powertrain components are introduced. then, a bi-level control framework is constructed to derive the energy management strategies (emss). the upper-level is applying the particular deep deterministic policy gradient (ddpg) algorithms for ems training at different speed intervals. the lower-level is employing the tl method to transform the pre-trained neural networks for a novel driving cycle. finally, a series of experiments are executed to prove the effectiveness of the presented control framework. the optimality and adaptability of the formulated ems are illuminated. the founded drl and tl-enabled control policy is capable of enhancing energy efficiency and improving system performance."
Bangbei Tang,Bangbei Tang,1,http://arxiv.org/abs/2007.08690v1,cs.AI;cs.LG;eess.SP,"transfer deep reinforcement learning-enabled energy management strategy for hybrid tracked vehicle. this paper proposes an adaptive energy management strategy for hybrid electric vehicles by combining deep reinforcement learning (drl) and transfer learning (tl). this work aims to address the defect of drl in tedious training time. first, an optimization control modeling of a hybrid tracked vehicle is built, wherein the elaborate powertrain components are introduced. then, a bi-level control framework is constructed to derive the energy management strategies (emss). the upper-level is applying the particular deep deterministic policy gradient (ddpg) algorithms for ems training at different speed intervals. the lower-level is employing the tl method to transform the pre-trained neural networks for a novel driving cycle. finally, a series of experiments are executed to prove the effectiveness of the presented control framework. the optimality and adaptability of the formulated ems are illuminated. the founded drl and tl-enabled control policy is capable of enhancing energy efficiency and improving system performance."
Xiaolin Tang,Xiaolin Tang,1,http://arxiv.org/abs/2007.08690v1,cs.AI;cs.LG;eess.SP,"transfer deep reinforcement learning-enabled energy management strategy for hybrid tracked vehicle. this paper proposes an adaptive energy management strategy for hybrid electric vehicles by combining deep reinforcement learning (drl) and transfer learning (tl). this work aims to address the defect of drl in tedious training time. first, an optimization control modeling of a hybrid tracked vehicle is built, wherein the elaborate powertrain components are introduced. then, a bi-level control framework is constructed to derive the energy management strategies (emss). the upper-level is applying the particular deep deterministic policy gradient (ddpg) algorithms for ems training at different speed intervals. the lower-level is employing the tl method to transform the pre-trained neural networks for a novel driving cycle. finally, a series of experiments are executed to prove the effectiveness of the presented control framework. the optimality and adaptability of the formulated ems are illuminated. the founded drl and tl-enabled control policy is capable of enhancing energy efficiency and improving system performance."
Jinwei Zhang,Jinwei Zhang,1,http://arxiv.org/abs/2007.08690v1,cs.AI;cs.LG;eess.SP,"transfer deep reinforcement learning-enabled energy management strategy for hybrid tracked vehicle. this paper proposes an adaptive energy management strategy for hybrid electric vehicles by combining deep reinforcement learning (drl) and transfer learning (tl). this work aims to address the defect of drl in tedious training time. first, an optimization control modeling of a hybrid tracked vehicle is built, wherein the elaborate powertrain components are introduced. then, a bi-level control framework is constructed to derive the energy management strategies (emss). the upper-level is applying the particular deep deterministic policy gradient (ddpg) algorithms for ems training at different speed intervals. the lower-level is employing the tl method to transform the pre-trained neural networks for a novel driving cycle. finally, a series of experiments are executed to prove the effectiveness of the presented control framework. the optimality and adaptability of the formulated ems are illuminated. the founded drl and tl-enabled control policy is capable of enhancing energy efficiency and improving system performance."
Wenhao Tan,Wenhao Tan,1,http://arxiv.org/abs/2007.08690v1,cs.AI;cs.LG;eess.SP,"transfer deep reinforcement learning-enabled energy management strategy for hybrid tracked vehicle. this paper proposes an adaptive energy management strategy for hybrid electric vehicles by combining deep reinforcement learning (drl) and transfer learning (tl). this work aims to address the defect of drl in tedious training time. first, an optimization control modeling of a hybrid tracked vehicle is built, wherein the elaborate powertrain components are introduced. then, a bi-level control framework is constructed to derive the energy management strategies (emss). the upper-level is applying the particular deep deterministic policy gradient (ddpg) algorithms for ems training at different speed intervals. the lower-level is employing the tl method to transform the pre-trained neural networks for a novel driving cycle. finally, a series of experiments are executed to prove the effectiveness of the presented control framework. the optimality and adaptability of the formulated ems are illuminated. the founded drl and tl-enabled control policy is capable of enhancing energy efficiency and improving system performance."
Shufeng Jin,Shufeng Jin,1,http://arxiv.org/abs/2007.08690v1,cs.AI;cs.LG;eess.SP,"transfer deep reinforcement learning-enabled energy management strategy for hybrid tracked vehicle. this paper proposes an adaptive energy management strategy for hybrid electric vehicles by combining deep reinforcement learning (drl) and transfer learning (tl). this work aims to address the defect of drl in tedious training time. first, an optimization control modeling of a hybrid tracked vehicle is built, wherein the elaborate powertrain components are introduced. then, a bi-level control framework is constructed to derive the energy management strategies (emss). the upper-level is applying the particular deep deterministic policy gradient (ddpg) algorithms for ems training at different speed intervals. the lower-level is employing the tl method to transform the pre-trained neural networks for a novel driving cycle. finally, a series of experiments are executed to prove the effectiveness of the presented control framework. the optimality and adaptability of the formulated ems are illuminated. the founded drl and tl-enabled control policy is capable of enhancing energy efficiency and improving system performance."
